Date,AAPL Closing Prices
2020-01-21,76.7272720336914
2020-01-22,77.00116729736328
2020-01-23,77.37198638916016
2020-01-24,77.14899444580078
2020-01-27,74.88040924072266
2020-01-28,76.99872589111328
2020-01-29,78.61048889160156
2020-01-30,78.4965591430664
2020-01-31,75.0161361694336
2020-02-03,74.81012725830078
2020-02-04,77.2798843383789
2020-02-05,77.9100570678711
2020-02-06,78.82135772705078
2020-02-07,77.74995422363281
2020-02-10,78.1192398071289
2020-02-11,77.64791107177734
2020-02-12,79.49188232421875
2020-02-13,78.92581176757812
2020-02-14,78.94525909423828
2020-02-18,77.49971771240234
2020-02-19,78.62213897705078
2020-02-20,77.81554412841797
2020-02-21,76.05420684814453
2020-02-24,72.44158935546875
2020-02-25,69.98785400390625
2020-02-26,71.09810638427734
2020-02-27,66.45053100585938
2020-02-28,66.41168212890625
2020-03-02,72.5946273803711
2020-03-03,70.28910064697266
2020-03-04,73.5494384765625
2020-03-05,71.1636962890625
2020-03-06,70.21863555908203
2020-03-09,64.6648941040039
2020-03-10,69.3221664428711
2020-03-11,66.91456604003906
2020-03-12,60.30644607543945
2020-03-13,67.53165435791016
2020-03-16,58.84391403198242
2020-03-17,61.43128967285156
2020-03-18,59.92745590209961
2020-03-19,59.46828079223633
2020-03-20,55.69291687011719
2020-03-23,54.50975799560547
2020-03-24,59.978477478027344
2020-03-25,59.648067474365234
2020-03-26,62.78692626953125
2020-03-27,60.18741226196289
2020-03-30,61.905029296875
2020-03-31,61.77870178222656
2020-04-01,58.52808380126953
2020-04-02,59.50472640991211
2020-04-03,58.649566650390625
2020-04-06,63.7659912109375
2020-04-07,63.027427673339844
2020-04-08,64.6406021118164
2020-04-09,65.10704803466797
2020-04-13,66.38496398925781
2020-04-14,69.73759460449219
2020-04-15,69.10108184814453
2020-04-16,69.6501235961914
2020-04-17,68.7051010131836
2020-04-20,67.27898406982422
2020-04-21,65.19937133789062
2020-04-22,67.07734680175781
2020-04-23,66.81739044189453
2020-04-24,68.74639892578125
2020-04-27,68.79497528076172
2020-04-28,67.67984771728516
2020-04-29,69.9028091430664
2020-04-30,71.37747955322266
2020-05-01,70.22835540771484
2020-05-04,71.22200012207031
2020-05-05,72.29096984863281
2020-05-06,73.03682708740234
2020-05-07,73.79237365722656
2020-05-08,75.54874420166016
2020-05-11,76.737548828125
2020-05-12,75.86055755615234
2020-05-13,74.94461822509766
2020-05-14,75.405029296875
2020-05-15,74.95922088623047
2020-05-18,76.7253646850586
2020-05-19,76.28199768066406
2020-05-20,77.76554107666016
2020-05-21,77.18577575683594
2020-05-22,77.68272399902344
2020-05-26,77.15653991699219
2020-05-27,77.4926986694336
2020-05-28,77.52679443359375
2020-05-29,77.45128631591797
2020-06-01,78.4037857055664
2020-06-02,78.7667465209961
2020-06-03,79.20037078857422
2020-06-04,78.51827239990234
2020-06-05,80.75457000732422
2020-06-08,81.23202514648438
2020-06-09,83.79717254638672
2020-06-10,85.95306396484375
2020-06-11,81.82640838623047
2020-06-12,82.53286743164062
2020-06-15,83.55355834960938
2020-06-16,85.7679214477539
2020-06-17,85.64854431152344
2020-06-18,85.68267059326172
2020-06-19,85.1930160522461
2020-06-22,87.42196655273438
2020-06-23,89.28800201416016
2020-06-24,87.71187591552734
2020-06-25,88.87628173828125
2020-06-26,86.1455078125
2020-06-29,88.13087463378906
2020-06-30,88.86653900146484
2020-07-01,88.69847106933594
2020-07-02,88.69847106933594
2020-07-06,91.0711441040039
2020-07-07,90.78858947753906
2020-07-08,92.90309143066406
2020-07-09,93.30258178710938
2020-07-10,93.46578216552734
2020-07-13,93.03462219238281
2020-07-14,94.57418823242188
2020-07-15,95.22462463378906
2020-07-16,94.05287170410156
2020-07-17,93.86286163330078
2020-07-20,95.84092712402344
2020-07-21,94.51815795898438
2020-07-22,94.78368377685547
2020-07-23,90.469482421875
2020-07-24,90.24534606933594
2020-07-27,92.38418579101562
2020-07-28,90.8665542602539
2020-07-29,92.6082992553711
2020-07-30,93.72888946533203
2020-07-31,103.5412368774414
2020-08-03,106.15021514892578
2020-08-04,106.8591079711914
2020-08-05,107.24645233154297
2020-08-06,110.98818969726562
2020-08-07,108.46479797363281
2020-08-10,110.04131317138672
2020-08-11,106.76869201660156
2020-08-12,110.31707763671875
2020-08-13,112.26941680908203
2020-08-14,112.16934967041016
2020-08-17,111.87650299072266
2020-08-18,112.80875396728516
2020-08-19,112.9502944946289
2020-08-20,115.45660400390625
2020-08-21,121.40637969970703
2020-08-24,122.85841369628906
2020-08-25,121.85053253173828
2020-08-26,123.507568359375
2020-08-27,122.03113555908203
2020-08-28,121.83346557617188
2020-08-31,125.96508026123047
2020-09-01,130.9826202392578
2020-09-02,128.2688446044922
2020-09-03,117.99954223632812
2020-09-04,118.0776138305664
2020-09-08,110.131591796875
2020-09-09,114.52436065673828
2020-09-10,110.78564453125
2020-09-11,109.33114624023438
2020-09-14,112.61106872558594
2020-09-15,112.78678894042969
2020-09-16,109.45803833007812
2020-09-17,107.71070861816406
2020-09-18,104.29409790039062
2020-09-21,107.4568862915039
2020-09-22,109.14566040039062
2020-09-23,104.56742858886719
2020-09-24,105.64120483398438
2020-09-25,109.60446166992188
2020-09-28,112.22061157226562
2020-09-29,111.37133026123047
2020-09-30,113.05033111572266
2020-10-01,114.00699615478516
2020-10-02,110.32683563232422
2020-10-05,113.72391510009766
2020-10-06,110.46349334716797
2020-10-07,112.33773803710938
2020-10-08,112.2303695678711
2020-10-09,114.18270111083984
2020-10-12,121.43565368652344
2020-10-13,118.21427917480469
2020-10-14,118.30215454101562
2020-10-15,117.83357238769531
2020-10-16,116.18385314941406
2020-10-19,113.21630096435547
2020-10-20,114.7098388671875
2020-10-21,114.08509826660156
2020-10-22,112.99178314208984
2020-10-23,112.2987060546875
2020-10-26,112.30846405029297
2020-10-27,113.8215103149414
2020-10-28,108.55017852783203
2020-10-29,112.57203674316406
2020-10-30,106.26596069335938
2020-11-02,106.17810821533203
2020-11-03,107.80831909179688
2020-11-04,112.2108383178711
2020-11-05,116.1936264038086
2020-11-06,116.06160736083984
2020-11-09,113.74408721923828
2020-11-10,113.40184020996094
2020-11-11,116.84388732910156
2020-11-12,116.5700912475586
2020-11-13,116.61898803710938
2020-11-16,117.63594818115234
2020-11-17,116.74610137939453
2020-11-18,115.41622924804688
2020-11-19,116.01270294189453
2020-11-20,114.74151611328125
2020-11-23,111.32878875732422
2020-11-24,112.61955261230469
2020-11-25,113.46053314208984
2020-11-27,114.00811767578125
2020-11-30,116.41364288330078
2020-12-01,120.00235748291016
2020-12-02,120.35440063476562
2020-12-03,120.21749114990234
2020-12-04,119.54277038574219
2020-12-07,121.00955200195312
2020-12-08,121.6255874633789
2020-12-09,119.08318328857422
2020-12-10,120.51085662841797
2020-12-11,119.69921875
2020-12-14,119.08318328857422
2020-12-15,125.04810333251953
2020-12-16,124.9796371459961
2020-12-17,125.8499526977539
2020-12-18,123.85511016845703
2020-12-21,125.39034271240234
2020-12-22,128.95950317382812
2020-12-23,128.0598907470703
2020-12-24,129.04750061035156
2020-12-28,133.66302490234375
2020-12-29,131.88330078125
2020-12-30,130.75877380371094
2020-12-31,129.7515869140625
2021-01-04,126.54421997070312
2021-01-05,128.10877990722656
2021-01-06,123.79642486572266
2021-01-07,128.02076721191406
2021-01-08,129.12574768066406
2021-01-11,126.12373352050781
2021-01-12,125.94772338867188
2021-01-13,127.99141693115234
2021-01-14,126.0552749633789
2021-01-15,124.3244857788086
2021-01-19,124.99921417236328
2021-01-20,129.10621643066406
2021-01-21,133.83900451660156
2021-01-22,135.9903106689453
2021-01-25,139.7550048828125
2021-01-26,139.9897003173828
2021-01-27,138.9140625
2021-01-28,134.0541229248047
2021-01-29,129.03775024414062
2021-02-01,131.16946411132812
2021-02-02,132.00064086914062
2021-02-03,130.97390747070312
2021-02-04,134.3474884033203
2021-02-05,133.93124389648438
2021-02-08,134.0781707763672
2021-02-09,133.19677734375
2021-02-10,132.5896453857422
2021-02-11,132.3350067138672
2021-02-12,132.57003784179688
2021-02-16,130.43511962890625
2021-02-17,128.1337432861328
2021-02-18,127.02710723876953
2021-02-19,127.18377685546875
2021-02-22,123.39384460449219
2021-02-23,123.2567367553711
2021-02-24,122.75729370117188
2021-02-25,118.48748016357422
2021-02-26,118.75188446044922
2021-03-01,125.14682006835938
2021-03-02,122.53203582763672
2021-03-03,119.53533935546875
2021-03-04,117.64527130126953
2021-03-05,118.90857696533203
2021-03-08,113.95323181152344
2021-03-09,118.58539581298828
2021-03-10,117.49837493896484
2021-03-11,119.4374008178711
2021-03-12,118.52664184570312
2021-03-15,121.42542266845703
2021-03-16,122.97273254394531
2021-03-17,122.17949676513672
2021-03-18,118.03697967529297
2021-03-19,117.50814819335938
2021-03-22,120.83782196044922
2021-03-23,120.00540161132812
2021-03-24,117.6060791015625
2021-03-25,118.09573364257812
2021-03-26,118.70291900634766
2021-03-29,118.87920379638672
2021-03-30,117.4200210571289
2021-03-31,119.62346649169922
2021-04-01,120.45590209960938
2021-04-05,123.29589080810547
2021-04-06,123.59949493408203
2021-04-07,125.2545394897461
2021-04-08,127.66365051269531
2021-04-09,130.24905395507812
2021-04-12,128.5254669189453
2021-04-13,131.64947509765625
2021-04-14,129.29913330078125
2021-04-15,131.718017578125
2021-04-16,131.38504028320312
2021-04-19,132.05101013183594
2021-04-20,130.35678100585938
2021-04-21,130.73870849609375
2021-04-22,129.21099853515625
2021-04-23,131.541748046875
2021-04-26,131.93345642089844
2021-04-27,131.6103057861328
2021-04-28,130.8170623779297
2021-04-29,130.71913146972656
2021-04-30,128.7409210205078
2021-05-03,129.79855346679688
2021-05-04,125.20559692382812
2021-05-05,125.4504165649414
2021-05-06,127.0565185546875
2021-05-07,127.73336029052734
2021-05-10,124.43729400634766
2021-05-11,123.51515197753906
2021-05-12,120.43488311767578
2021-05-13,122.59303283691406
2021-05-14,125.02586364746094
2021-05-17,123.86830139160156
2021-05-18,122.47530364990234
2021-05-19,122.318359375
2021-05-20,124.88851165771484
2021-05-21,123.0442886352539
2021-05-24,124.68251037597656
2021-05-25,124.4863052368164
2021-05-26,124.43729400634766
2021-05-27,122.8971176147461
2021-05-28,122.23988342285156
2021-06-01,121.91614532470703
2021-06-02,122.68131256103516
2021-06-03,121.19023132324219
2021-06-04,123.49552917480469
2021-06-07,123.50532531738281
2021-06-08,124.32936096191406
2021-06-09,124.71195220947266
2021-06-10,123.71134948730469
2021-06-11,124.9277572631836
2021-06-14,127.99821472167969
2021-06-15,127.1742172241211
2021-06-16,127.67449951171875
2021-06-17,129.28329467773438
2021-06-18,127.9786376953125
2021-06-21,129.7836151123047
2021-06-22,131.431640625
2021-06-23,131.156982421875
2021-06-24,130.87252807617188
2021-06-25,130.57818603515625
2021-06-28,132.21646118164062
2021-06-29,133.7369384765625
2021-06-30,134.35499572753906
2021-07-01,134.65907287597656
2021-07-02,137.29794311523438
2021-07-06,139.3187255859375
2021-07-07,141.82025146484375
2021-07-08,140.51556396484375
2021-07-09,142.34996032714844
2021-07-12,141.75157165527344
2021-07-13,142.86988830566406
2021-07-14,146.3131103515625
2021-07-15,145.6558380126953
2021-07-16,143.60562133789062
2021-07-19,139.7405548095703
2021-07-20,143.3701629638672
2021-07-21,142.63442993164062
2021-07-22,144.00784301757812
2021-07-23,145.7343292236328
2021-07-26,146.1561737060547
2021-07-27,143.9783935546875
2021-07-28,142.22244262695312
2021-07-29,142.86988830566406
2021-07-30,143.085693359375
2021-08-02,142.75216674804688
2021-08-03,144.5571746826172
2021-08-04,144.1549530029297
2021-08-05,144.26284790039062
2021-08-06,143.5751190185547
2021-08-09,143.52603149414062
2021-08-10,143.04464721679688
2021-08-11,143.30007934570312
2021-08-12,146.27688598632812
2021-08-13,146.48318481445312
2021-08-16,148.46775817871094
2021-08-17,147.55406188964844
2021-08-18,143.7913055419922
2021-08-19,144.1252899169922
2021-08-20,145.5891876220703
2021-08-23,147.08250427246094
2021-08-24,146.9940643310547
2021-08-25,145.7561798095703
2021-08-26,144.9505615234375
2021-08-27,145.99200439453125
2021-08-30,150.43263244628906
2021-08-31,149.16529846191406
2021-09-01,149.8333282470703
2021-09-02,150.953369140625
2021-09-03,151.5919189453125
2021-09-07,153.9399871826172
2021-09-08,152.38772583007812
2021-09-09,151.365966796875
2021-09-10,146.35548400878906
2021-09-13,146.92529296875
2021-09-14,145.52041625976562
2021-09-15,146.41441345214844
2021-09-16,146.1786651611328
2021-09-17,143.4965362548828
2021-09-20,140.43130493164062
2021-09-21,140.9127197265625
2021-09-22,143.29025268554688
2021-09-23,144.25306701660156
2021-09-24,144.3414764404297
2021-09-27,142.8186798095703
2021-09-28,139.4193878173828
2021-09-29,140.32325744628906
2021-09-30,139.0166015625
2021-10-01,140.1464080810547
2021-10-04,136.69802856445312
2021-10-05,138.6334228515625
2021-10-06,139.5078125
2021-10-07,140.77516174316406
2021-10-08,140.39199829101562
2021-10-11,140.3035888671875
2021-10-12,139.02639770507812
2021-10-13,138.4369659423828
2021-10-14,141.2369384765625
2021-10-15,142.29795837402344
2021-10-18,143.9779815673828
2021-10-19,146.14918518066406
2021-10-20,146.64041137695312
2021-10-21,146.8565216064453
2021-10-22,146.08041381835938
2021-10-25,146.03128051757812
2021-10-26,146.69932556152344
2021-10-27,146.23760986328125
2021-10-28,149.89231872558594
2021-10-29,147.17092895507812
2021-11-01,146.34564208984375
2021-11-02,147.3870391845703
2021-11-03,148.8312530517578
2021-11-04,148.31057739257812
2021-11-05,148.84182739257812
2021-11-08,148.01539611816406
2021-11-09,148.3794403076172
2021-11-10,145.53599548339844
2021-11-11,145.48684692382812
2021-11-12,147.57266235351562
2021-11-15,147.5824737548828
2021-11-16,148.5663604736328
2021-11-17,151.0162353515625
2021-11-18,155.32566833496094
2021-11-19,157.96246337890625
2021-11-22,158.42489624023438
2021-11-23,158.80859375
2021-11-24,159.33006286621094
2021-11-26,154.28269958496094
2021-11-29,157.65745544433594
2021-11-30,162.63592529296875
2021-12-01,162.1144561767578
2021-12-02,161.12069702148438
2021-12-03,159.23165893554688
2021-12-06,162.6555633544922
2021-12-07,168.42112731933594
2021-12-08,172.25828552246094
2021-12-09,171.74667358398438
2021-12-10,176.55784606933594
2021-12-13,172.9076690673828
2021-12-14,171.5203399658203
2021-12-15,176.41024780273438
2021-12-16,169.4837188720703
2021-12-17,168.38180541992188
2021-12-20,167.01417541503906
2021-12-21,170.2019805908203
2021-12-22,172.8092498779297
2021-12-23,173.43893432617188
2021-12-27,177.4236602783203
2021-12-28,176.40042114257812
2021-12-29,176.48898315429688
2021-12-30,175.3279571533203
2021-12-31,174.70819091796875
2022-01-03,179.0765838623047
2022-01-04,176.8038330078125
2022-01-05,172.100830078125
2022-01-06,169.2279052734375
2022-01-07,169.39520263671875
2022-01-10,169.41485595703125
2022-01-11,172.25828552246094
2022-01-12,172.70103454589844
2022-01-13,169.41485595703125
2022-01-14,170.2806854248047
2022-01-18,167.0633544921875
2022-01-19,163.55091857910156
2022-01-20,161.858642578125
2022-01-21,159.79248046875
2022-01-24,159.01522827148438
2022-01-25,157.20486450195312
2022-01-26,157.1163330078125
2022-01-27,156.65386962890625
2022-01-28,167.58482360839844
2022-01-31,171.96311950683594
2022-02-01,171.79588317871094
2022-02-02,173.0060272216797
2022-02-03,170.1134033203125
2022-02-04,169.82772827148438
2022-02-07,169.1085968017578
2022-02-08,172.23146057128906
2022-02-09,173.659912109375
2022-02-10,169.5617218017578
2022-02-11,166.13345336914062
2022-02-14,166.36993408203125
2022-02-15,170.22178649902344
2022-02-16,169.98536682128906
2022-02-17,166.36993408203125
2022-02-18,164.8133544921875
2022-02-22,161.87770080566406
2022-02-23,157.69085693359375
2022-02-24,160.32113647460938
2022-02-25,162.3998260498047
2022-02-28,162.665771484375
2022-03-01,160.7743377685547
2022-03-02,164.08436584472656
2022-03-03,163.75930786132812
2022-03-04,160.74476623535156
2022-03-07,156.93231201171875
2022-03-08,155.09994506835938
2022-03-09,160.5280303955078
2022-03-10,156.16387939453125
2022-03-11,152.43020629882812
2022-03-14,148.38128662109375
2022-03-15,152.7848663330078
2022-03-16,157.2179718017578
2022-03-17,158.23269653320312
2022-03-18,161.54273986816406
2022-03-21,162.9219207763672
2022-03-22,166.31077575683594
2022-03-23,167.68014526367188
2022-03-24,171.48275756835938
2022-03-25,172.1230926513672
2022-03-28,172.9900360107422
2022-03-29,176.3000946044922
2022-03-30,175.1277618408203
2022-03-31,172.0147247314453
2022-04-01,171.71917724609375
2022-04-04,175.78781127929688
2022-04-05,172.45803833007812
2022-04-06,169.27606201171875
2022-04-07,169.58143615722656
2022-04-08,167.56192016601562
2022-04-11,163.2864227294922
2022-04-12,165.1680450439453
2022-04-13,167.8673095703125
2022-04-14,162.833251953125
2022-04-18,162.6165313720703
2022-04-19,164.91188049316406
2022-04-20,164.74444580078125
2022-04-21,163.94647216796875
2022-04-22,159.38526916503906
2022-04-25,160.45909118652344
2022-04-26,154.4694366455078
2022-04-27,154.24288940429688
2022-04-28,161.20777893066406
2022-04-29,155.3068084716797
2022-05-02,155.61221313476562
2022-05-03,157.10960388183594
2022-05-04,163.5524444580078
2022-05-05,154.43991088867188
2022-05-06,155.1699676513672
2022-05-09,150.01998901367188
2022-05-10,152.43714904785156
2022-05-11,144.5345916748047
2022-05-12,140.64743041992188
2022-05-13,145.13638305664062
2022-05-16,143.5874481201172
2022-05-17,147.2378387451172
2022-05-18,138.93080139160156
2022-05-19,135.50735473632812
2022-05-20,135.74412536621094
2022-05-23,141.19007873535156
2022-05-24,138.47698974609375
2022-05-25,138.63479614257812
2022-05-26,141.85107421875
2022-05-27,147.6324462890625
2022-05-31,146.8431854248047
2022-06-01,146.7149200439453
2022-06-02,149.18141174316406
2022-06-03,143.42959594726562
2022-06-06,144.1793975830078
2022-06-07,146.7149200439453
2022-06-08,145.9749755859375
2022-06-09,140.72640991210938
2022-06-10,135.29026794433594
2022-06-13,130.1107177734375
2022-06-14,130.97891235351562
2022-06-15,133.61309814453125
2022-06-16,128.3151397705078
2022-06-17,129.79502868652344
2022-06-21,134.04718017578125
2022-06-22,133.53419494628906
2022-06-23,136.4149932861328
2022-06-24,139.75953674316406
2022-06-27,139.75953674316406
2022-06-28,135.59613037109375
2022-06-29,137.36212158203125
2022-06-30,134.88577270507812
2022-07-01,137.06614685058594
2022-07-05,139.6608428955078
2022-07-06,141.0026092529297
2022-07-07,144.38658142089844
2022-07-08,145.0673370361328
2022-07-11,142.92642211914062
2022-07-12,143.90318298339844
2022-07-13,143.53814697265625
2022-07-14,146.47816467285156
2022-07-15,148.1553497314453
2022-07-18,145.09695434570312
2022-07-19,148.97421264648438
2022-07-20,150.98684692382812
2022-07-21,153.26588439941406
2022-07-22,152.0227508544922
2022-07-25,150.89805603027344
2022-07-26,149.566162109375
2022-07-27,154.68650817871094
2022-07-28,155.23904418945312
2022-07-29,160.3297882080078
2022-08-01,159.34320068359375
2022-08-02,157.86334228515625
2022-08-03,163.90126037597656
2022-08-04,163.58555603027344
2022-08-05,163.35829162597656
2022-08-08,162.88404846191406
2022-08-09,162.93345642089844
2022-08-10,167.2014617919922
2022-08-11,166.4604949951172
2022-08-12,170.02700805664062
2022-08-15,171.10385131835938
2022-08-16,170.94578552246094
2022-08-17,172.44747924804688
2022-08-18,172.05227661132812
2022-08-19,169.45399475097656
2022-08-22,165.5515594482422
2022-08-23,165.21566772460938
2022-08-24,165.51202392578125
2022-08-25,167.98191833496094
2022-08-26,161.64913940429688
2022-08-29,159.43612670898438
2022-08-30,156.99588012695312
2022-08-31,155.3262176513672
2022-09-01,156.05731201171875
2022-09-02,153.93321228027344
2022-09-06,152.6686248779297
2022-09-07,154.08139038085938
2022-09-08,152.59947204589844
2022-09-09,155.47442626953125
2022-09-12,161.46142578125
2022-09-13,151.9869384765625
2022-09-14,153.43922424316406
2022-09-15,150.53463745117188
2022-09-16,148.88475036621094
2022-09-19,152.61923217773438
2022-09-20,155.01007080078125
2022-09-21,151.86837768554688
2022-09-22,150.9001922607422
2022-09-23,148.61801147460938
2022-09-26,148.95391845703125
2022-09-27,149.93199157714844
2022-09-28,148.0351104736328
2022-09-29,140.76376342773438
2022-09-30,136.5353240966797
2022-10-03,140.734130859375
2022-10-04,144.3401641845703
2022-10-05,144.63653564453125
2022-10-06,143.67823791503906
2022-10-07,138.40257263183594
2022-10-10,138.7285614013672
2022-10-11,137.30593872070312
2022-10-12,136.6736297607422
2022-10-13,141.2676544189453
2022-10-14,136.71315002441406
2022-10-17,140.69461059570312
2022-10-18,142.0184783935547
2022-10-19,142.1271514892578
2022-10-20,141.66281127929688
2022-10-21,145.49609375
2022-10-24,147.64981079101562
2022-10-25,150.50502014160156
2022-10-26,147.55104064941406
2022-10-27,143.05581665039062
2022-10-28,153.86404418945312
2022-10-31,151.49298095703125
2022-11-01,148.8353729248047
2022-11-02,143.28305053710938
2022-11-03,137.20713806152344
2022-11-04,136.93995666503906
2022-11-07,137.47434997558594
2022-11-08,138.04830932617188
2022-11-09,133.4664764404297
2022-11-10,145.34161376953125
2022-11-11,148.14215087890625
2022-11-14,146.73692321777344
2022-11-15,148.47862243652344
2022-11-16,147.24160766601562
2022-11-17,149.15151977539062
2022-11-18,149.71560668945312
2022-11-21,146.4697265625
2022-11-22,148.6171417236328
2022-11-23,149.4978790283203
2022-11-25,146.5686798095703
2022-11-28,142.71917724609375
2022-11-29,139.70091247558594
2022-11-30,146.48951721191406
2022-12-01,146.76658630371094
2022-12-02,146.2718048095703
2022-12-05,145.10409545898438
2022-12-06,141.42282104492188
2022-12-07,139.4733123779297
2022-12-08,141.16551208496094
2022-12-09,140.6806182861328
2022-12-12,142.98635864257812
2022-12-13,143.95616149902344
2022-12-14,141.7196807861328
2022-12-15,135.07952880859375
2022-12-16,133.11021423339844
2022-12-19,130.99249267578125
2022-12-20,130.92323303222656
2022-12-21,134.04042053222656
2022-12-22,130.85394287109375
2022-12-23,130.48779296875
2022-12-27,128.67684936523438
2022-12-28,124.72837829589844
2022-12-29,128.26121520996094
2022-12-30,128.577880859375
2023-01-03,123.76846313476562
2023-01-04,125.0450439453125
2023-01-05,123.7189712524414
2023-01-06,128.27108764648438
2023-01-09,128.79556274414062
2023-01-10,129.3695526123047
2023-01-11,132.10084533691406
2023-01-12,132.02166748046875
2023-01-13,133.35760498046875
2023-01-17,134.5253448486328
2023-01-18,133.80296325683594
2023-01-19,133.86228942871094
2023-01-20,136.43524169921875
2023-01-23,139.6415252685547
2023-01-24,141.0467529296875
2023-01-25,140.38372802734375
2023-01-26,142.46189880371094
2023-01-27,144.41136169433594
2023-01-30,141.5118865966797
2023-01-31,142.78846740722656
2023-02-01,143.9165802001953
2023-02-02,149.25048828125
2023-02-03,152.89218139648438
2023-02-06,150.15101623535156
2023-02-07,153.0406494140625
2023-02-08,150.3390350341797
2023-02-09,149.2999725341797
2023-02-10,149.66668701171875
2023-02-13,152.48141479492188
2023-02-14,151.83718872070312
2023-02-15,153.94827270507812
2023-02-16,152.34266662597656
2023-02-17,151.1929931640625
2023-02-21,147.1591796875
2023-02-22,147.58538818359375
2023-02-23,148.07101440429688
2023-02-24,145.40493774414062
2023-02-27,146.60418701171875
2023-02-28,146.0987091064453
2023-03-01,144.0173797607422
2023-03-02,144.61204528808594
2023-03-03,149.68649291992188
2023-03-06,152.4616241455078
2023-03-07,150.25144958496094
2023-03-08,151.51016235351562
2023-03-09,149.25042724609375
2023-03-10,147.17901611328125
2023-03-13,149.13150024414062
2023-03-14,151.23263549804688
2023-03-15,151.6290740966797
2023-03-16,154.46363830566406
2023-03-17,153.62120056152344
2023-03-20,155.9998321533203
2023-03-21,157.8631134033203
2023-03-22,156.426025390625
2023-03-23,157.51620483398438
2023-03-24,158.82447814941406
2023-03-27,156.8720245361328
2023-03-28,156.2476043701172
2023-03-29,159.33985900878906
2023-03-30,160.9156951904297
2023-03-31,163.43310546875
2023-04-03,164.6918182373047
2023-04-04,164.15663146972656
2023-04-05,162.30325317382812
2023-04-06,163.1952667236328
2023-04-10,160.58863830566406
2023-04-11,159.36961364746094
2023-04-12,158.67584228515625
2023-04-13,164.08726501464844
2023-04-14,163.74038696289062
2023-04-17,163.76019287109375
2023-04-18,164.98916625976562
2023-04-19,166.13885498046875
2023-04-20,165.16757202148438
2023-04-21,163.5520477294922
2023-04-24,163.85928344726562
2023-04-25,162.3131866455078
2023-04-26,162.30325317382812
2023-04-27,166.91192626953125
2023-04-28,168.1706085205078
2023-05-01,168.08140563964844
2023-05-02,167.04074096679688
2023-05-03,165.96043395996094
2023-05-04,164.31520080566406
2023-05-05,172.02601623535156
2023-05-08,171.95660400390625
2023-05-09,170.2420196533203
2023-05-10,172.01608276367188
2023-05-11,172.20440673828125
2023-05-12,171.271484375
2023-05-15,170.7752227783203
2023-05-16,170.7752227783203
2023-05-17,171.39056396484375
2023-05-18,173.73280334472656
2023-05-19,173.84197998046875
2023-05-22,172.88919067382812
2023-05-23,170.26907348632812
2023-05-24,170.5469512939453
2023-05-25,171.68832397460938
2023-05-26,174.10995483398438
2023-05-30,175.96588134765625
2023-05-31,175.91624450683594
2023-06-01,178.73487854003906
2023-06-02,179.58840942382812
2023-06-05,178.2287139892578
2023-06-06,177.86151123046875
2023-06-07,176.48196411132812
2023-06-08,179.2113037109375
2023-06-09,179.59835815429688
2023-06-12,182.40704345703125
2023-06-13,181.93064880371094
2023-06-14,182.5658416748047
2023-06-15,184.61033630371094
2023-06-16,183.52853393554688
2023-06-20,183.61785888671875
2023-06-21,182.57577514648438
2023-06-22,185.5928955078125
2023-06-23,185.27529907226562
2023-06-26,183.8759002685547
2023-06-27,186.64491271972656
2023-06-28,187.8259735107422
2023-06-29,188.1633758544922
2023-06-30,192.51043701171875
2023-07-03,191.0117950439453
2023-07-05,189.8903045654297
2023-07-06,190.36669921875
2023-07-07,189.2451934814453
2023-07-10,187.1907958984375
2023-07-11,186.66476440429688
2023-07-12,188.342041015625
2023-07-13,189.1062469482422
2023-07-14,189.255126953125
2023-07-17,192.53028869628906
2023-07-18,192.27224731445312
2023-07-19,193.6319580078125
2023-07-20,191.6767578125
2023-07-21,190.4957275390625
2023-07-24,191.29962158203125
2023-07-25,192.16307067871094
2023-07-26,193.03643798828125
2023-07-27,191.76609802246094
2023-07-28,194.3564453125
2023-07-31,194.97177124023438
2023-08-01,194.13809204101562
2023-08-02,191.13092041015625
2023-08-03,189.73150634765625
2023-08-04,180.62059020996094
2023-08-07,177.5042266845703
2023-08-08,178.44705200195312
2023-08-09,176.8491973876953
2023-08-10,176.63084411621094
2023-08-11,176.69046020507812
2023-08-14,178.35015869140625
2023-08-15,176.35255432128906
2023-08-16,175.47801208496094
2023-08-17,172.92388916015625
2023-08-18,173.41090393066406
2023-08-21,174.7525177001953
2023-08-22,176.13394165039062
2023-08-23,179.9998779296875
2023-08-24,175.28919982910156
2023-08-25,177.50540161132812
2023-08-28,179.07562255859375
2023-08-29,182.9813232421875
2023-08-30,186.48948669433594
2023-08-31,186.70811462402344
2023-09-01,188.28829956054688
2023-09-05,188.5268096923828
2023-09-06,181.77880859375
2023-09-07,176.46188354492188
2023-09-08,177.0780487060547
2023-09-11,178.25074768066406
2023-09-12,175.20968627929688
2023-09-13,173.1326141357422
2023-09-14,174.65316772460938
2023-09-15,173.92764282226562
2023-09-18,176.86935424804688
2023-09-19,177.96255493164062
2023-09-20,174.40469360351562
2023-09-21,172.8543243408203
2023-09-22,173.70901489257812
2023-09-25,174.9910430908203
2023-09-26,170.8965301513672
2023-09-27,169.3759765625
2023-09-28,169.63438415527344
2023-09-29,170.15115356445312
2023-10-02,172.67544555664062
2023-10-03,171.3337860107422
2023-10-04,172.5860137939453
2023-10-05,173.82827758789062
2023-10-06,176.392333984375
2023-10-09,177.883056640625
2023-10-10,177.28677368164062
2023-10-11,178.6880340576172
2023-10-12,179.59242248535156
2023-10-13,177.74392700195312
2023-10-16,177.61473083496094
2023-10-17,176.05441284179688
2023-10-18,174.7525177001953
2023-10-19,174.37489318847656
2023-10-20,171.8108367919922
2023-10-23,171.9300994873047
2023-10-24,172.3673858642578
2023-10-25,170.04185485839844
2023-10-26,165.85787963867188
2023-10-27,167.17965698242188
2023-10-30,169.23683166503906
2023-10-31,169.71388244628906
2023-11-01,172.89410400390625
2023-11-02,176.47183227539062
2023-11-03,175.55751037597656
2023-11-06,178.12155151367188
2023-11-07,180.69557189941406
2023-11-08,181.75894165039062
2023-11-09,181.28189086914062
2023-11-10,185.49127197265625
2023-11-13,183.89906311035156
2023-11-14,186.5261993408203
2023-11-15,187.0934295654297
2023-11-16,188.78512573242188
2023-11-17,188.76524353027344
2023-11-20,190.5166473388672
2023-11-21,189.71060180664062
2023-11-22,190.37733459472656
2023-11-24,189.04388427734375
2023-11-27,188.86474609375
2023-11-28,189.47177124023438
2023-11-29,188.44679260253906
2023-11-30,189.02395629882812
2023-12-01,190.30767822265625
2023-12-04,188.50650024414062
2023-12-05,192.47703552246094
2023-12-06,191.38241577148438
2023-12-07,193.32290649414062
2023-12-08,194.75587463378906
2023-12-11,192.2382049560547
2023-12-12,193.76077270507812
2023-12-13,196.9949188232422
2023-12-14,197.14418029785156
2023-12-15,196.60682678222656
2023-12-18,194.93499755859375
2023-12-19,195.9799041748047
2023-12-20,193.88018798828125
2023-12-21,193.7308807373047
2023-12-22,192.6561737060547
2023-12-26,192.10885620117188
2023-12-27,192.2083740234375
2023-12-28,192.6362762451172
2023-12-29,191.59136962890625
2024-01-02,184.7349853515625
2024-01-03,183.35174560546875
2024-01-04,181.02316284179688
2024-01-05,180.2967071533203
2024-01-08,184.65536499023438
2024-01-09,184.23741149902344
2024-01-10,185.2823028564453
2024-01-11,184.68521118164062
2024-01-12,185.0135955810547
2024-01-16,182.73477172851562
2024-01-17,181.78939819335938
2024-01-18,187.7104034423828
2024-01-19,190.62611389160156
2024-01-22,192.9447479248047
2024-01-23,194.22845458984375
2024-01-24,193.55177307128906
2024-01-25,193.22340393066406
2024-01-26,191.48193359375
2024-01-29,190.7952880859375
2024-01-30,187.12326049804688
2024-01-31,183.5010223388672
2024-02-01,185.94903564453125
2024-02-02,184.94395446777344
2024-02-05,186.76502990722656
2024-02-06,188.37713623046875
2024-02-07,188.48660278320312
2024-02-08,187.40191650390625
2024-02-09,188.16912841796875
2024-02-12,186.4752655029297
2024-02-13,184.37286376953125
2024-02-14,183.48606872558594
2024-02-15,183.19712829589844
2024-02-16,181.65269470214844
2024-02-20,180.90541076660156
2024-02-21,181.66268920898438
2024-02-22,183.70529174804688
2024-02-23,181.86195373535156
2024-02-26,180.50685119628906
2024-02-27,181.9715576171875
2024-02-28,180.76593017578125
2024-02-29,180.0983428955078
2024-03-01,179.01226806640625
2024-03-04,174.46871948242188
2024-03-05,169.50665283203125
2024-03-06,168.51025390625
2024-03-07,168.39068603515625
2024-03-08,170.1144561767578
2024-03-11,172.12718200683594
2024-03-12,172.60543823242188
2024-03-13,170.51303100585938
2024-03-14,172.37628173828125
2024-03-15,171.9976348876953
2024-03-18,173.09368896484375
2024-03-19,175.44517517089844
2024-03-20,178.0258331298828
2024-03-21,170.75213623046875
2024-03-22,171.65887451171875
2024-03-25,170.23403930664062
2024-03-26,169.09814453125
2024-03-27,172.68516540527344
2024-03-28,170.86175537109375
2024-04-01,169.41697692871094
2024-04-02,168.2312774658203
2024-04-03,169.03834533691406
2024-04-04,168.2113494873047
2024-04-05,168.96861267089844
2024-04-08,167.84268188476562
2024-04-09,169.05828857421875
2024-04-10,167.17510986328125
2024-04-11,174.40892028808594
2024-04-12,175.91348266601562
2024-04-15,172.0673828125
2024-04-16,168.76934814453125
2024-04-17,167.39430236816406
2024-04-18,166.437744140625
2024-04-19,164.40512084960938
2024-04-22,165.24209594726562
2024-04-23,166.2982635498047
2024-04-24,168.41064453125
2024-04-25,169.27749633789062
2024-04-26,168.6896209716797
2024-04-29,172.8744659423828
2024-04-30,169.71591186523438
2024-05-01,168.6896209716797
2024-05-02,172.4061737060547
2024-05-03,182.71884155273438
2024-05-06,181.0548858642578
2024-05-07,181.7423858642578
2024-05-08,182.08116149902344
2024-05-09,183.9045867919922
2024-05-10,182.63743591308594
2024-05-13,185.86013793945312
2024-05-14,187.00755310058594
2024-05-15,189.2924041748047
2024-05-16,189.41212463378906
2024-05-17,189.44204711914062
2024-05-20,190.6094207763672
2024-05-21,191.91647338867188
2024-05-22,190.4697265625
2024-05-23,186.45880126953125
2024-05-24,189.5518035888672
2024-05-28,189.56178283691406
2024-05-29,189.86111450195312
2024-05-30,190.85885620117188
2024-05-31,191.81668090820312
2024-06-03,193.59268188476562
2024-06-04,193.91195678710938
2024-06-05,195.42852783203125
2024-06-06,194.0416717529297
2024-06-07,196.44622802734375
2024-06-10,192.68472290039062
2024-06-11,206.68310546875
2024-06-12,212.58978271484375
2024-06-13,213.75714111328125
2024-06-14,212.01107788085938
2024-06-17,216.18165588378906
2024-06-18,213.8070068359375
2024-06-20,209.2073974609375
2024-06-21,207.02235412597656
2024-06-24,207.67088317871094
2024-06-25,208.59878540039062
2024-06-26,212.7693634033203
2024-06-27,213.61746215820312
2024-06-28,210.14527893066406
2024-07-01,216.261474609375
2024-07-02,219.77354431152344
2024-07-03,221.0506591796875
2024-07-05,225.82984924316406
2024-07-08,227.30653381347656
2024-07-09,228.16458129882812
2024-07-10,232.45489501953125
2024-07-11,227.05709838867188
2024-07-12,230.0203857421875
2024-07-15,233.87168884277344
2024-07-16,234.29074096679688
2024-07-17,228.3641357421875
2024-07-18,223.6747283935547
2024-07-19,223.80442810058594
2024-07-22,223.45523071289062
2024-07-23,224.5028533935547
2024-07-24,218.0474395751953
2024-07-25,216.99981689453125
2024-07-26,217.46875
2024-07-29,217.7481231689453
2024-07-30,218.30685424804688
2024-07-31,221.5794677734375
2024-08-01,217.8678436279297
2024-08-02,219.36447143554688
2024-08-05,208.79833984375
2024-08-06,206.762939453125
2024-08-07,209.34710693359375
2024-08-08,212.8292236328125
2024-08-09,215.7526397705078
2024-08-12,217.2909393310547
2024-08-13,221.02682495117188
2024-08-14,221.47633361816406
2024-08-15,224.47303771972656
2024-08-16,225.80157470703125
2024-08-19,225.64175415039062
2024-08-20,226.2610626220703
2024-08-21,226.15118408203125
2024-08-22,224.2832489013672
2024-08-23,226.5906982421875
2024-08-26,226.93032836914062
2024-08-27,227.77938842773438
2024-08-28,226.2410888671875
2024-08-29,229.53746032714844
2024-08-30,228.7483367919922
2024-09-03,222.52517700195312
2024-09-04,220.6072998046875
2024-09-05,222.13560485839844
2024-09-06,220.57733154296875
2024-09-09,220.66722106933594
2024-09-10,219.86810302734375
2024-09-11,222.41529846191406
2024-09-12,222.52517700195312
2024-09-13,222.25547790527344
2024-09-16,216.082275390625
2024-09-17,216.55174255371094
2024-09-18,220.4474639892578
2024-09-19,228.61846923828125
2024-09-20,227.94920349121094
2024-09-23,226.2211151123047
2024-09-24,227.1201171875
2024-09-25,226.1212158203125
2024-09-26,227.26995849609375
2024-09-27,227.53965759277344
2024-09-30,232.7439422607422
2024-10-01,225.96141052246094
2024-10-02,226.53077697753906
2024-10-03,225.42198181152344
2024-10-04,226.55075073242188
2024-10-07,221.4463653564453
2024-10-08,225.52188110351562
2024-10-09,229.28773498535156
2024-10-10,228.7882843017578
2024-10-11,227.2999267578125
2024-10-14,231.04580688476562
2024-10-15,233.59300231933594
2024-10-16,231.5252685546875
2024-10-17,231.89486694335938
2024-10-18,234.74172973632812
2024-10-21,236.22010803222656
2024-10-22,235.60079956054688
2024-10-23,230.5063934326172
2024-10-24,230.31661987304688
2024-10-25,231.1556854248047
2024-10-28,233.14349365234375
2024-10-29,233.41319274902344
2024-10-30,229.8471221923828
2024-10-31,225.66172790527344
2024-11-01,222.66502380371094
2024-11-04,221.76600646972656
2024-11-05,223.2044219970703
2024-11-06,222.47523498535156
2024-11-07,227.22999572753906
2024-11-08,226.9600067138672
2024-11-11,224.22999572753906
2024-11-12,224.22999572753906
2024-11-13,225.1199951171875
2024-11-14,228.22000122070312
2024-11-15,225.0
2024-11-18,228.02000427246094
2024-11-19,228.27999877929688
2024-11-20,229.0
2024-11-21,228.52000427246094
2024-11-22,229.8699951171875
2024-11-25,232.8699951171875
2024-11-26,235.05999755859375
2024-11-27,234.92999267578125
2024-11-29,237.3300018310547
2024-12-02,239.58999633789062
2024-12-03,242.64999389648438
2024-12-04,243.00999450683594
2024-12-05,243.0399932861328
2024-12-06,242.83999633789062
2024-12-09,246.75
2024-12-10,247.77000427246094
2024-12-11,246.49000549316406
2024-12-12,247.9600067138672
2024-12-13,248.1300048828125
2024-12-16,251.0399932861328
2024-12-17,253.47999572753906
2024-12-18,248.0500030517578
2024-12-19,249.7899932861328
2024-12-20,254.49000549316406
2024-12-23,255.27000427246094
2024-12-24,258.20001220703125
2024-12-26,259.0199890136719
2024-12-27,255.58999633789062
2024-12-30,252.1999969482422
2024-12-31,250.4199981689453
2025-01-02,243.85000610351562
2025-01-03,243.36000061035156
2025-01-06,245.0
2025-01-07,242.2100067138672
2025-01-08,242.6999969482422
2025-01-10,236.85000610351562
2025-01-13,234.39999389648438
2025-01-14,233.27999877929688
2025-01-15,237.8699951171875
2025-01-16,228.25999450683594
2025-01-17,229.97999572753906
