bigram,frequency,probability
th,1631597,0.02414978
in,1348992,0.01996686
he,1273723,0.01885278
er,1119686,0.01657283
an,1090031,0.0161339
re,1011414,0.01497026
es,925289,0.0136955
on,867809,0.01284472
st,842975,0.01247715
at,776374,0.01149136
nt,771391,0.01141761
ti,771224,0.01141514
or,752283,0.01113479
en,751761,0.01112706
nd,738619,0.01093254
to,731614,0.01082886
ea,711380,0.01052937
te,654186,0.00968282
ou,650982,0.0096354
ng,627952,0.00929452
ed,621868,0.00920447
it,616275,0.00912169
ar,614983,0.00910257
al,597874,0.00884933
et,563945,0.00834714
is,549108,0.00812753
ha,534493,0.00791121
se,507841,0.00751672
as,482374,0.00713978
le,478777,0.00708654
ve,469222,0.00694511
ro,463671,0.00686295
si,458313,0.00678365
ra,446342,0.00660646
sa,445866,0.00659941
of,443223,0.00656029
ta,434419,0.00642998
co,428875,0.00634792
ne,428017,0.00633523
me,423435,0.00626741
de,423110,0.0062626
ri,419346,0.00620688
ec,417713,0.00618271
ll,384966,0.00569801
li,381125,0.00564116
ur,375429,0.00555685
so,370284,0.0054807
hi,369732,0.00547253
io,365515,0.00541011
el,364676,0.0053977
om,354165,0.00524212
ic,351410,0.00520134
di,351272,0.0051993
ma,341331,0.00505216
ce,334546,0.00495173
na,334157,0.00494597
rt,329272,0.00487367
la,326546,0.00483332
ca,323967,0.00479515
ns,316563,0.00468556
fo,313342,0.00463789
rs,311538,0.00461118
yo,310659,0.00459817
ss,309982,0.00458815
ch,305429,0.00452076
ts,300700,0.00445077
ot,299711,0.00443613
ac,295011,0.00436656
ho,294523,0.00435934
ee,294159,0.00435395
tt,292721,0.00433267
em,287366,0.00425341
il,287301,0.00425244
be,285864,0.00423118
no,277542,0.004108
lo,275535,0.00407829
us,275491,0.00407764
ni,269084,0.00398281
ei,268181,0.00396944
wi,264521,0.00391527
pr,255251,0.00377806
da,254302,0.00376402
pe,252660,0.00373971
tr,247849,0.0036685
nc,243771,0.00360814
ut,238283,0.00352691
ge,234830,0.00347581
ct,227992,0.00337459
ep,221197,0.00327402
ow,220519,0.00326398
sh,218333,0.00323163
ly,218292,0.00323102
ew,217486,0.00321909
eo,213258,0.00315651
we,212487,0.0031451
un,211487,0.0031303
dt,209030,0.00309393
ad,207857,0.00307657
os,206752,0.00306021
do,202896,0.00300314
ol,202211,0.002993
pa,200811,0.00297228
ie,198427,0.00293699
mo,198185,0.00293341
wa,194772,0.00288289
ef,194521,0.00287918
am,193721,0.00286734
ai,184057,0.0027243
oo,183738,0.00271958
po,180725,0.00267498
fi,179882,0.0026625
mi,179614,0.00265854
id,177748,0.00263092
su,175390,0.00259602
wh,174953,0.00258955
sp,173266,0.00256458
pl,171474,0.00253805
ft,169461,0.00250826
vi,169322,0.0025062
op,167754,0.00248299
ul,164676,0.00243743
ir,163823,0.00242481
ke,163309,0.0024172
im,161402,0.00238898
ev,161184,0.00238575
sc,160679,0.00237827
ab,159977,0.00236788
ga,158579,0.00234719
ds,157464,0.00233069
ay,156909,0.00232247
ia,150863,0.00223298
ig,150421,0.00222644
ry,149650,0.00221503
ty,149452,0.0022121
iv,148953,0.00220471
fe,148120,0.00219238
eb,145873,0.00215913
tu,141625,0.00209625
ap,140995,0.00208692
sw,140198,0.00207513
av,138919,0.0020562
od,138883,0.00205566
gh,138764,0.0020539
mp,138160,0.00204496
ld,137480,0.0020349
ci,136048,0.0020137
ag,135592,0.00200695
ls,134320,0.00198813
rd,130804,0.00193608
ht,130176,0.00192679
wo,128543,0.00190262
oc,127124,0.00188162
fr,125373,0.0018557
bl,124811,0.00184738
fa,124410,0.00184145
rm,124400,0.0018413
tw,123895,0.00183382
ey,122787,0.00181742
rc,121917,0.00180455
gi,121287,0.00179522
ov,121255,0.00179475
bo,120192,0.00177901
if,119556,0.0017696
ys,118749,0.00175766
go,118372,0.00175207
lt,117252,0.0017355
eg,115634,0.00171155
gr,115253,0.00170591
yt,115006,0.00170225
uc,113234,0.00167603
gt,110070,0.00162919
bu,110066,0.00162914
ya,109795,0.00162512
ex,107996,0.0015985
ba,106427,0.00157527
ck,100808,0.0014921
eh,99649,0.00147495
oa,99521,0.00147306
cl,98764,0.00146185
du,98137,0.00145257
rn,97037,0.00143629
sf,96972,0.00143533
ki,96215,0.00142412
ff,94474,0.00139835
tc,90527,0.00133993
ny,90329,0.001337
cr,89833,0.00132966
up,89707,0.0013278
pp,88222,0.00130582
dr,87832,0.00130004
sm,86923,0.00128659
ob,86208,0.00127601
oi,85828,0.00127038
pi,85038,0.00125869
ua,84997,0.00125808
ak,84663,0.00125314
cu,84103,0.00124485
rr,82585,0.00122238
ye,82181,0.0012164
lu,81428,0.00120526
nf,80705,0.00119455
db,79890,0.00118249
tl,79486,0.00117651
og,79131,0.00117126
sb,77200,0.00114268
ru,76670,0.00113483
yi,76144,0.00112705
um,75876,0.00112308
rk,75811,0.00112212
qu,74333,0.00110024
ue,74195,0.0010982
af,74148,0.0010975
va,73569,0.00108893
dw,73206,0.00108356
au,71330,0.00105579
bi,69462,0.00102814
sl,69242,0.00102489
dd,68608,0.0010155
rp,68598,0.00101535
rg,68294,0.00101086
gs,67742,0.00100268
tm,67625,0.00100095
nn,67354,0.00099694
fu,66741,0.00098787
ui,66718,0.00098753
ug,66708,0.00098738
by,66220,0.00098016
rl,65436,0.00096855
pt,65384,0.00096778
rf,65345,0.00096721
dc,63761,0.00094376
br,62879,0.00093071
mm,61492,0.00091018
nu,61234,0.00090636
nl,60762,0.00089937
ok,60758,0.00089931
ud,60613,0.00089717
mu,60077,0.00088923
ip,59901,0.00088663
ms,59564,0.00088164
tf,59219,0.00087653
sn,58469,0.00086543
df,58119,0.00086025
sy,57871,0.00085658
dm,57022,0.00084401
eu,55913,0.0008276
nm,55608,0.00082309
nw,55561,0.00082239
tp,55394,0.00081992
yc,55313,0.00081872
tb,55248,0.00081776
mb,54897,0.00081256
aw,54828,0.00081154
sd,54563,0.00080762
rw,54000,0.00079929
pu,53889,0.00079764
hr,53714,0.00079505
yw,53694,0.00079476
dp,53644,0.00079402
rb,52535,0.0007776
nb,52213,0.00077284
rv,51916,0.00076844
lp,51670,0.0007648
gu,49278,0.00072939
yp,49146,0.00072744
dh,49018,0.00072555
ks,48852,0.00072309
cc,48597,0.00071931
sr,48431,0.00071686
my,48155,0.00071277
ph,47955,0.00070981
dl,47462,0.00070251
np,45730,0.00067688
wn,45666,0.00067593
nk,45460,0.00067288
ib,45193,0.00066893
fl,45078,0.00066723
gn,44958,0.00066545
mt,44789,0.00066295
yb,43348,0.00064162
nh,43119,0.00063823
dy,42858,0.00063437
oe,42819,0.00063379
ps,42735,0.00063255
ub,42554,0.00062987
lf,42500,0.00062907
ym,42203,0.00062467
lc,41648,0.00061646
lb,41116,0.00060859
ik,40972,0.00060645
td,40922,0.00060571
yf,40610,0.0006011
ka,40419,0.00059827
gl,40250,0.00059577
rh,39702,0.00058766
xp,39546,0.00058535
ju,38909,0.00057592
oh,38643,0.00057198
sk,37607,0.00055665
oy,36460,0.00053967
nv,36432,0.00053926
yd,35791,0.00052977
dn,35706,0.00052851
dg,35454,0.00052478
iz,34732,0.00051409
fy,34722,0.00051395
yl,34559,0.00051153
hs,34329,0.00050813
hu,33700,0.00049882
lm,33533,0.00049635
jo,33087,0.00048975
hy,32490,0.00048091
yh,32456,0.00048041
ek,31827,0.0004711
ws,31528,0.00046667
yr,31432,0.00046525
nr,31356,0.00046412
vo,31148,0.00046105
eq,30987,0.00045866
lw,30283,0.00044824
ze,30034,0.00044456
tn,29490,0.00043651
sg,29352,0.00043446
fs,29025,0.00042962
kn,28929,0.0004282
ah,27971,0.00041402
bs,27669,0.00040955
xt,27440,0.00040616
gw,27204,0.00040267
gy,26910,0.00039832
gf,26842,0.00039731
wt,26780,0.00039639
fc,25461,0.00037687
gp,25215,0.00037323
kt,25149,0.00037225
gc,25115,0.00037175
ko,24872,0.00036815
je,24836,0.00036762
aa,24175,0.00035784
lr,24146,0.00035741
yn,23771,0.00035186
dv,23502,0.00034788
cs,23039,0.00034102
hc,22430,0.00033201
tg,22331,0.00033054
gg,22289,0.00032992
gm,22148,0.00032783
hm,21482,0.00031798
cy,20929,0.00030979
hn,20344,0.00030113
lv,19469,0.00028818
fm,19388,0.00028698
lh,19301,0.00028569
fp,18994,0.00028115
gb,18871,0.00027933
nj,18846,0.00027896
hw,18829,0.00027871
wr,18724,0.00027715
iw,18657,0.00027616
xi,18121,0.00026823
hl,17856,0.00026431
uw,17740,0.00026259
lk,17603,0.00026056
pm,17105,0.00025319
yg,16843,0.00024931
ja,16492,0.00024412
hp,16340,0.00024187
gd,15670,0.00023195
xc,15467,0.00022895
xa,15420,0.00022825
ln,15362,0.00022739
ih,15274,0.00022609
sv,15228,0.00022541
mc,15228,0.00022541
fw,15190,0.00022485
ej,15139,0.00022409
py,14989,0.00022187
mw,14971,0.00022161
mf,14744,0.00021825
fh,14587,0.00021592
uf,14566,0.00021561
hb,14341,0.00021228
lg,14263,0.00021113
hh,13968,0.00020676
hf,13664,0.00020226
ww,13365,0.00019783
oj,13311,0.00019703
hd,13137,0.00019446
za,13122,0.00019424
fd,12433,0.00018404
fb,12345,0.00018274
az,12213,0.00018078
yu,12157,0.00017995
kw,11872,0.00017574
kl,11746,0.00017387
kf,11710,0.00017334
ix,11527,0.00017063
ky,11495,0.00017016
xe,11280,0.00016697
uh,11270,0.00016683
ox,11130,0.00016475
ax,11101,0.00016432
ao,11022,0.00016315
zi,10876,0.00016099
ae,10787,0.00015968
tv,10655,0.00015772
wl,10462,0.00015487
yy,10191,0.00015085
iu,9851,0.00014582
uy,9769,0.00014461
dj,9768,0.00014459
pw,9734,0.00014409
sj,9665,0.00014307
pc,9473,0.00014023
mh,9467,0.00014014
ml,9387,0.00013895
aj,9337,0.00013821
wy,9183,0.00013594
mr,9121,0.00013502
wc,8637,0.00012785
bb,8605,0.00012738
wm,8470,0.00012538
pd,8393,0.00012424
fg,8322,0.00012319
mn,8262,0.0001223
pf,8228,0.0001218
uk,8187,0.00012119
bt,8187,0.00012119
sq,8103,0.00011995
kh,7963,0.00011788
tk,7946,0.00011763
md,7878,0.00011662
cp,7788,0.00011529
iq,7746,0.00011467
wd,7694,0.0001139
kb,7668,0.00011351
kc,7621,0.00011282
tj,7608,0.00011262
ii,7530,0.00011147
uo,7495,0.00011095
fn,7299,0.00010805
kp,6931,0.0001026
dk,6896,0.00010208
yv,6889,0.00010198
ku,6881,0.00010186
pb,6879,0.00010183
km,6711,9.935e-05
hg,6689,9.902e-05
rj,6530,9.667e-05
cm,6250,9.252e-05
wb,6135,9.082e-05
cd,6091,9.017e-05
kr,6073,8.99e-05
wp,6038,8.939e-05
zo,5987,8.863e-05
mg,5891,8.721e-05
wf,5782,8.56e-05
bj,5611,8.306e-05
yk,5501,8.144e-05
ez,5179,7.667e-05
yj,5143,7.614e-05
cb,5002,7.405e-05
cf,4860,7.195e-05
bm,4797,7.102e-05
kd,4556,6.745e-05
uv,4421,6.545e-05
aq,4294,6.357e-05
cw,4284,6.342e-05
kg,4208,6.23e-05
bc,3890,5.759e-05
pg,3849,5.699e-05
fv,3641,5.391e-05
rq,3593,5.32e-05
nq,3556,5.265e-05
gv,3551,5.257e-05
tq,3516,5.206e-05
ij,3389,5.018e-05
dq,3372,4.992e-05
hv,3282,4.859e-05
ji,3238,4.794e-05
nz,3231,4.784e-05
ux,3199,4.736e-05
oz,3172,4.696e-05
zz,3108,4.602e-05
tz,3055,4.523e-05
xo,3026,4.48e-05
fj,3018,4.469e-05
lj,2975,4.405e-05
cn,2974,4.403e-05
xh,2964,4.389e-05
pn,2896,4.288e-05
vs,2785,4.124e-05
bd,2744,4.063e-05
wu,2707,4.008e-05
mv,2685,3.976e-05
cg,2662,3.942e-05
xs,2641,3.911e-05
bp,2582,3.823e-05
hq,2466,3.651e-05
gj,2465,3.65e-05
vy,2453,3.632e-05
gk,2433,3.603e-05
fk,2383,3.529e-05
wg,2366,3.503e-05
xu,2341,3.466e-05
hj,2336,3.459e-05
hk,2297,3.401e-05
yq,2260,3.347e-05
bh,2256,3.341e-05
xm,2201,3.259e-05
cq,2193,3.247e-05
uu,2172,3.216e-05
zy,2150,3.184e-05
xy,2034,3.012e-05
bw,1952,2.891e-05
mj,1851,2.741e-05
cv,1849,2.738e-05
xf,1846,2.734e-05
oq,1800,2.666e-05
nx,1718,2.544e-05
iy,1705,2.525e-05
mk,1695,2.51e-05
uz,1691,2.504e-05
bv,1654,2.45e-05
xw,1642,2.432e-05
xb,1619,2.398e-05
kk,1603,2.374e-05
pk,1546,2.29e-05
bf,1520,2.251e-05
yz,1510,2.236e-05
bn,1502,2.225e-05
uj,1470,2.177e-05
zu,1460,2.162e-05
pv,1400,2.074e-05
rz,1342,1.988e-05
xr,1330,1.97e-05
sx,1329,1.969e-05
lq,1319,1.954e-05
wv,1308,1.937e-05
vr,1307,1.936e-05
wk,1291,1.912e-05
vu,1290,1.911e-05
xd,1276,1.89e-05
vp,1231,1.824e-05
kv,1216,1.801e-05
xl,1202,1.781e-05
vc,1189,1.761e-05
gq,1154,1.71e-05
qa,1108,1.641e-05
kj,1103,1.634e-05
tx,1096,1.624e-05
vd,1076,1.594e-05
dz,1069,1.584e-05
vt,1067,1.581e-05
zh,1060,1.57e-05
wj,1053,1.56e-05
zl,1052,1.559e-05
sz,1016,1.505e-05
fq,920,1.363e-05
bg,880,1.304e-05
js,873,1.294e-05
xx,866,1.283e-05
cj,848,1.257e-05
zt,840,1.245e-05
vm,787,1.166e-05
jp,781,1.157e-05
pj,760,1.126e-05
dx,754,1.117e-05
zs,747,1.107e-05
rx,745,1.104e-05
lz,723,1.072e-05
zc,686,1.017e-05
zw,658,9.75e-06
wz,635,9.41e-06
vl,631,9.35e-06
hz,631,9.35e-06
qw,603,8.94e-06
vn,593,8.79e-06
qi,588,8.72e-06
xn,586,8.69e-06
jc,578,8.57e-06
cz,575,8.53e-06
xg,574,8.51e-06
zm,572,8.48e-06
mq,554,8.21e-06
vf,552,8.19e-06
zb,548,8.13e-06
jr,546,8.1e-06
vw,544,8.07e-06
ql,529,7.84e-06
vb,519,7.7e-06
pq,507,7.52e-06
vv,459,6.81e-06
gz,459,6.81e-06
jm,457,6.78e-06
vh,435,6.45e-06
mx,419,6.22e-06
fz,409,6.07e-06
xv,408,6.05e-06
zr,396,5.88e-06
uq,396,5.88e-06
qf,396,5.88e-06
zf,395,5.86e-06
vg,394,5.85e-06
zp,388,5.76e-06
yx,383,5.68e-06
kq,382,5.67e-06
fx,381,5.65e-06
zd,378,5.61e-06
wq,368,5.46e-06
bq,366,5.43e-06
jn,359,5.33e-06
lx,356,5.28e-06
jd,355,5.27e-06
qs,348,5.17e-06
jh,348,5.17e-06
bk,338,5.02e-06
gx,336,4.99e-06
jb,331,4.91e-06
mz,314,4.66e-06
jt,313,4.65e-06
zn,304,4.51e-06
té,300,4.46e-06
és,292,4.34e-06
qt,288,4.28e-06
zg,284,4.22e-06
qc,282,4.19e-06
jw,276,4.1e-06
jk,272,4.04e-06
qh,264,3.92e-06
fé,262,3.89e-06
ré,261,3.88e-06
éc,252,3.74e-06
zk,251,3.73e-06
qm,247,3.67e-06
dé,244,3.63e-06
hx,241,3.58e-06
xq,236,3.51e-06
án,226,3.36e-06
wx,224,3.33e-06
cx,223,3.32e-06
px,223,3.32e-06
ón,220,3.27e-06
xk,220,3.27e-06
qd,215,3.2e-06
jl,209,3.11e-06
zv,199,2.96e-06
jf,196,2.92e-06
qb,193,2.87e-06
ée,189,2.81e-06
sé,188,2.8e-06
pz,185,2.75e-06
éa,176,2.62e-06
jj,176,2.62e-06
qo,174,2.59e-06
ür,172,2.56e-06
jg,171,2.55e-06
vk,169,2.52e-06
ér,165,2.46e-06
kz,165,2.46e-06
xj,163,2.43e-06
ém,160,2.38e-06
ét,159,2.37e-06
jv,158,2.35e-06
qe,158,2.35e-06
qr,158,2.35e-06
qp,143,2.13e-06
lé,137,2.04e-06
bz,134,2e-06
ín,134,2e-06
ió,132,1.97e-06
fü,130,1.94e-06
mé,130,1.94e-06
ía,124,1.85e-06
ör,119,1.78e-06
né,118,1.76e-06
kx,117,1.75e-06
vj,109,1.63e-06
bx,108,1.61e-06
én,107,1.6e-06
éi,106,1.58e-06
âs,105,1.57e-06
añ,104,1.55e-06
än,103,1.54e-06
rí,100,1.49e-06
hé,99,1.48e-06
cé,98,1.47e-06
qy,96,1.44e-06
ça,96,1.44e-06
éd,96,1.44e-06
jy,96,1.44e-06
qq,96,1.44e-06
ño,95,1.42e-06
är,94,1.41e-06
ál,94,1.41e-06
zj,94,1.41e-06
ná,93,1.39e-06
qv,92,1.38e-06
ké,91,1.36e-06
él,87,1.3e-06
má,87,1.3e-06
ña,84,1.26e-06
lá,84,1.26e-06
vx,83,1.24e-06
ás,82,1.23e-06
éb,82,1.23e-06
lí,82,1.23e-06
nç,81,1.21e-06
ár,81,1.21e-06
xz,80,1.2e-06
èr,80,1.2e-06
ué,80,1.2e-06
ép,79,1.18e-06
jq,75,1.12e-06
tä,74,1.11e-06
aï,74,1.11e-06
zq,73,1.1e-06
rö,70,1.05e-06
rá,68,1.02e-06
éo,68,1.02e-06
tí,67,1.01e-06
üc,67,1.01e-06
ât,67,1.01e-06
ön,66,9.9e-07
ró,66,9.9e-07
üb,65,9.8e-07
íp,63,9.5e-07
nâ,62,9.3e-07
ão,61,9.2e-07
sâ,61,9.2e-07
kö,61,9.2e-07
pé,60,9e-07
iè,59,8.9e-07
mü,58,8.7e-07
tá,58,8.7e-07
qg,58,8.7e-07
jö,56,8.4e-07
če,56,8.4e-07
öl,56,8.4e-07
ái,56,8.4e-07
aç,55,8.3e-07
ní,55,8.3e-07
lä,55,8.3e-07
zx,54,8.1e-07
ví,54,8.1e-07
ís,53,8e-07
hä,53,8e-07
ät,53,8e-07
tà,53,8e-07
eñ,52,7.8e-07
rè,52,7.8e-07
há,52,7.8e-07
ün,52,7.8e-07
aí,52,7.8e-07
eâ,51,7.7e-07
éf,50,7.5e-07
tâ,50,7.5e-07
rä,49,7.4e-07
ío,48,7.3e-07
hö,47,7.1e-07
qn,47,7.1e-07
ká,47,7.1e-07
úl,47,7.1e-07
rü,46,7e-07
ég,46,7e-07
ús,46,7e-07
gé,46,7e-07
ló,45,6.8e-07
év,44,6.7e-07
éw,43,6.5e-07
có,43,6.5e-07
cá,42,6.4e-07
ić,42,6.4e-07
tó,41,6.2e-07
íc,41,6.2e-07
nü,41,6.2e-07
ès,41,6.2e-07
ço,40,6.1e-07
äl,40,6.1e-07
ié,40,6.1e-07
ül,40,6.1e-07
üs,38,5.8e-07
àa,38,5.8e-07
èm,37,5.6e-07
qk,37,5.6e-07
lü,37,5.6e-07
jz,37,5.6e-07
ös,36,5.5e-07
râ,36,5.5e-07
tü,36,5.5e-07
mö,36,5.5e-07
vq,36,5.5e-07
hú,36,5.5e-07
yá,36,5.5e-07
àl,36,5.5e-07
ân,35,5.3e-07
gü,35,5.3e-07
vé,34,5.2e-07
iñ,34,5.2e-07
dí,34,5.2e-07
eé,34,5.2e-07
jx,34,5.2e-07
vz,33,5e-07
pä,33,5e-07
ác,33,5e-07
öm,32,4.9e-07
âœ,32,4.9e-07
dâ,32,4.9e-07
áo,31,4.7e-07
bé,31,4.7e-07
cí,31,4.7e-07
gö,31,4.7e-07
ââ,31,4.7e-07
êt,30,4.6e-07
sà,30,4.6e-07
âi,30,4.6e-07
ór,29,4.4e-07
ól,29,4.4e-07
mā,29,4.4e-07
ël,28,4.3e-07
óm,27,4.1e-07
éh,27,4.1e-07
lö,27,4.1e-07
uí,27,4.1e-07
fá,26,4e-07
üh,26,4e-07
àn,26,4e-07
nä,26,4e-07
sö,26,4e-07
éu,26,4e-07
âa,25,3.8e-07
qx,25,3.8e-07
mí,25,3.8e-07
öf,25,3.8e-07
sá,25,3.8e-07
öt,25,3.8e-07
eà,25,3.8e-07
ói,25,3.8e-07
aé,24,3.7e-07
äu,24,3.7e-07
tú,24,3.7e-07
óp,24,3.7e-07
lè,24,3.7e-07
iú,23,3.6e-07
fö,23,3.6e-07
kä,23,3.6e-07
ám,23,3.6e-07
öd,23,3.6e-07
iá,23,3.6e-07
mä,23,3.6e-07
mó,23,3.6e-07
sã,22,3.4e-07
dü,22,3.4e-07
ān,22,3.4e-07
qz,22,3.4e-07
äs,22,3.4e-07
jä,22,3.4e-07
ła,22,3.4e-07
ót,22,3.4e-07
âc,22,3.4e-07
oë,22,3.4e-07
sä,22,3.4e-07
gā,22,3.4e-07
år,22,3.4e-07
nč,22,3.4e-07
ºc,21,3.3e-07
ïv,21,3.3e-07
vá,21,3.3e-07
sü,21,3.3e-07
üg,21,3.3e-07
kü,21,3.3e-07
nó,21,3.3e-07
çe,21,3.3e-07
ên,21,3.3e-07
hâ,21,3.3e-07
tè,21,3.3e-07
ág,20,3.1e-07
bü,20,3.1e-07
uâ,20,3.1e-07
vä,20,3.1e-07
št,20,3.1e-07
ít,20,3.1e-07
yâ,20,3.1e-07
dá,20,3.1e-07
ße,19,3e-07
ún,19,3e-07
âw,19,3e-07
ñe,19,3e-07
wö,19,3e-07
ôt,19,3e-07
āo,19,3e-07
hí,19,3e-07
dó,19,3e-07
sø,19,3e-07
üt,18,2.8e-07
pá,18,2.8e-07
eó,18,2.8e-07
äi,18,2.8e-07
ád,18,2.8e-07
aš,18,2.8e-07
hô,18,2.8e-07
sí,18,2.8e-07
gä,18,2.8e-07
àv,18,2.8e-07
qj,18,2.8e-07
âm,18,2.8e-07
lâ,18,2.8e-07
âr,18,2.8e-07
ír,18,2.8e-07
eá,18,2.8e-07
ør,18,2.8e-07
äg,17,2.7e-07
či,17,2.7e-07
ów,17,2.7e-07
ód,17,2.7e-07
âh,17,2.7e-07
íl,17,2.7e-07
öc,17,2.7e-07
aú,17,2.7e-07
éj,17,2.7e-07
eš,17,2.7e-07
ós,17,2.7e-07
óg,17,2.7e-07
rú,17,2.7e-07
oâ,17,2.7e-07
ša,17,2.7e-07
oá,17,2.7e-07
úi,17,2.7e-07
ïs,17,2.7e-07
jō,17,2.7e-07
íg,16,2.5e-07
wü,16,2.5e-07
oé,16,2.5e-07
íd,16,2.5e-07
tö,16,2.5e-07
fä,16,2.5e-07
áv,16,2.5e-07
ší,16,2.5e-07
äh,16,2.5e-07
hü,16,2.5e-07
só,16,2.5e-07
ãâ,16,2.5e-07
aş,16,2.5e-07
dú,16,2.5e-07
áa,16,2.5e-07
àt,16,2.5e-07
át,16,2.5e-07
èn,16,2.5e-07
lḏ,16,2.5e-07
ḏa,16,2.5e-07
aṟ,16,2.5e-07
ṟg,16,2.5e-07
hū,16,2.5e-07
ūq,16,2.5e-07
rã,15,2.4e-07
âv,15,2.4e-07
ög,15,2.4e-07
äc,15,2.4e-07
eü,15,2.4e-07
gâ,15,2.4e-07
éx,15,2.4e-07
mø,15,2.4e-07
jó,15,2.4e-07
ič,15,2.4e-07
ôm,15,2.4e-07
ºf,14,2.2e-07
zá,14,2.2e-07
öh,14,2.2e-07
gó,14,2.2e-07
üd,14,2.2e-07
öb,14,2.2e-07
àd,14,2.2e-07
în,14,2.2e-07
ết,14,2.2e-07
ën,14,2.2e-07
āt,14,2.2e-07
aâ,13,2.1e-07
iš,13,2.1e-07
wä,13,2.1e-07
rê,13,2.1e-07
rð,13,2.1e-07
óc,13,2.1e-07
mú,13,2.1e-07
zó,13,2.1e-07
là,13,2.1e-07
rà,13,2.1e-07
rø,13,2.1e-07
kī,13,2.1e-07
nà,13,2.1e-07
āk,13,2.1e-07
eç,13,2.1e-07
aë,13,2.1e-07
ià,13,2.1e-07
ðu,13,2.1e-07
bö,12,1.9e-07
ím,12,1.9e-07
hà,12,1.9e-07
áz,12,1.9e-07
sú,12,1.9e-07
iö,12,1.9e-07
yö,12,1.9e-07
ał,12,1.9e-07
zü,12,1.9e-07
úa,12,1.9e-07
èg,12,1.9e-07
âg,12,1.9e-07
pâ,12,1.9e-07
âf,12,1.9e-07
uñ,12,1.9e-07
īl,12,1.9e-07
iệ,12,1.9e-07
çã,12,1.9e-07
tė,12,1.9e-07
bø,12,1.9e-07
oß,11,1.8e-07
nã,11,1.8e-07
eč,11,1.8e-07
še,11,1.8e-07
íb,11,1.8e-07
ób,11,1.8e-07
áf,11,1.8e-07
på,11,1.8e-07
nº,11,1.8e-07
pö,11,1.8e-07
uß,11,1.8e-07
cô,11,1.8e-07
ţi,11,1.8e-07
iﬁ,11,1.8e-07
ài,11,1.8e-07
àc,11,1.8e-07
èc,11,1.8e-07
nđ,11,1.8e-07
dî,11,1.8e-07
jø,11,1.8e-07
nö,11,1.8e-07
öp,11,1.8e-07
ōt,11,1.8e-07
gá,11,1.8e-07
ōn,11,1.8e-07
ië,11,1.8e-07
ėd,11,1.8e-07
ýv,11,1.8e-07
šk,10,1.6e-07
íh,10,1.6e-07
ến,10,1.6e-07
äd,10,1.6e-07
rā,10,1.6e-07
ši,10,1.6e-07
iâ,10,1.6e-07
êm,10,1.6e-07
fè,10,1.6e-07
të,10,1.6e-07
äm,10,1.6e-07
oñ,10,1.6e-07
áy,10,1.6e-07
ào,10,1.6e-07
øm,10,1.6e-07
iê,10,1.6e-07
yé,10,1.6e-07
ệt,10,1.6e-07
dè,10,1.6e-07
hó,10,1.6e-07
sł,10,1.6e-07
ôn,10,1.6e-07
éq,10,1.6e-07
ńs,10,1.6e-07
rô,10,1.6e-07
ïm,10,1.6e-07
yế,10,1.6e-07
šp,10,1.6e-07
ît,9,1.5e-07
ív,9,1.5e-07
už,9,1.5e-07
íi,9,1.5e-07
nš,9,1.5e-07
ää,9,1.5e-07
áb,9,1.5e-07
sš,9,1.5e-07
tă,9,1.5e-07
mâ,9,1.5e-07
tđ,9,1.5e-07
jü,9,1.5e-07
óz,9,1.5e-07
củ,9,1.5e-07
ủa,9,1.5e-07
ię,9,1.5e-07
św,9,1.5e-07
àp,9,1.5e-07
kó,9,1.5e-07
fà,9,1.5e-07
iể,9,1.5e-07
ìn,9,1.5e-07
đi,9,1.5e-07
ås,9,1.5e-07
kç,9,1.5e-07
tê,9,1.5e-07
oš,9,1.5e-07
lò,9,1.5e-07
ök,9,1.5e-07
gî,9,1.5e-07
äk,9,1.5e-07
bá,9,1.5e-07
ær,9,1.5e-07
fù,9,1.5e-07
ùr,9,1.5e-07
cè,9,1.5e-07
hơ,9,1.5e-07
ạn,8,1.3e-07
aß,8,1.3e-07
âe,8,1.3e-07
ži,8,1.3e-07
lﬁ,8,1.3e-07
üe,8,1.3e-07
fº,8,1.3e-07
úc,8,1.3e-07
nè,8,1.3e-07
tã,8,1.3e-07
mê,8,1.3e-07
ćs,8,1.3e-07
ﬁe,8,1.3e-07
gè,8,1.3e-07
lă,8,1.3e-07
ﬁc,8,1.3e-07
eí,8,1.3e-07
oč,8,1.3e-07
lı,8,1.3e-07
âq,8,1.3e-07
qâ,8,1.3e-07
ík,8,1.3e-07
rç,8,1.3e-07
üm,8,1.3e-07
và,8,1.3e-07
hā,8,1.3e-07
hō,8,1.3e-07
gå,8,1.3e-07
èv,8,1.3e-07
ók,8,1.3e-07
uè,8,1.3e-07
øl,8,1.3e-07
ïa,8,1.3e-07
ït,8,1.3e-07
nò,8,1.3e-07
nú,8,1.3e-07
øy,8,1.3e-07
æd,8,1.3e-07
dē,8,1.3e-07
èt,8,1.3e-07
eï,8,1.3e-07
gí,8,1.3e-07
pė,8,1.3e-07
öa,8,1.3e-07
ại,8,1.3e-07
ơi,8,1.3e-07
uý,8,1.3e-07
vị,8,1.3e-07
pɪ,8,1.3e-07
oł,7,1.2e-07
až,7,1.2e-07
áh,7,1.2e-07
pí,7,1.2e-07
rč,7,1.2e-07
bí,7,1.2e-07
ßb,7,1.2e-07
bä,7,1.2e-07
äf,7,1.2e-07
fâ,7,1.2e-07
uā,7,1.2e-07
vö,7,1.2e-07
eä,7,1.2e-07
hè,7,1.2e-07
ĉi,7,1.2e-07
oº,7,1.2e-07
eﬁ,7,1.2e-07
äb,7,1.2e-07
âl,7,1.2e-07
nţ,7,1.2e-07
ăr,7,1.2e-07
eş,7,1.2e-07
uá,7,1.2e-07
áe,7,1.2e-07
tº,7,1.2e-07
âd,7,1.2e-07
âo,7,1.2e-07
ča,7,1.2e-07
để,7,1.2e-07
dö,7,1.2e-07
àm,7,1.2e-07
âp,7,1.2e-07
kō,7,1.2e-07
ūt,7,1.2e-07
wé,7,1.2e-07
ēn,7,1.2e-07
yś,7,1.2e-07
śl,7,1.2e-07
kå,7,1.2e-07
ɪt,7,1.2e-07
łó,7,1.2e-07
dź,7,1.2e-07
ōm,7,1.2e-07
ře,7,1.2e-07
pæ,7,1.2e-07
īt,7,1.2e-07
áp,7,1.2e-07
õe,7,1.2e-07
dı,7,1.2e-07
âb,7,1.2e-07
tô,7,1.2e-07
rų,7,1.2e-07
ųe,7,1.2e-07
øg,7,1.2e-07
ćt,7,1.2e-07
àà,7,1.2e-07
ōi,7,1.2e-07
ãƒ,7,1.2e-07
põ,7,1.2e-07
õl,7,1.2e-07
cœ,7,1.2e-07
œu,7,1.2e-07
øt,7,1.2e-07
ểm,7,1.2e-07
éš,7,1.2e-07
já,6,1e-07
ąc,6,1e-07
bê,6,1e-07
ně,6,1e-07
tě,6,1e-07
zé,6,1e-07
ký,6,1e-07
ām,6,1e-07
að,6,1e-07
ās,6,1e-07
èl,6,1e-07
eö,6,1e-07
ák,6,1e-07
fó,6,1e-07
eś,6,1e-07
să,6,1e-07
ñi,6,1e-07
ới,6,1e-07
ơn,6,1e-07
ày,6,1e-07
iế,6,1e-07
ﬂo,6,1e-07
kš,6,1e-07
íz,6,1e-07
hể,6,1e-07
tø,6,1e-07
mộ,6,1e-07
ột,6,1e-07
hữ,6,1e-07
ữn,6,1e-07
nō,6,1e-07
ōk,6,1e-07
āw,6,1e-07
pā,6,1e-07
åk,6,1e-07
úr,6,1e-07
że,6,1e-07
úp,6,1e-07
íf,6,1e-07
âj,6,1e-07
uê,6,1e-07
uà,6,1e-07
fí,6,1e-07
oí,6,1e-07
ãs,6,1e-07
ōs,6,1e-07
èq,6,1e-07
éy,6,1e-07
dê,6,1e-07
ɑs,6,1e-07
ës,6,1e-07
sß,6,1e-07
tı,6,1e-07
đư,6,1e-07
ođ,6,1e-07
ês,6,1e-07
ọn,6,1e-07
hế,6,1e-07
bị,6,1e-07
ﬁs,6,1e-07
cº,5,9e-08
jí,5,9e-08
že,5,9e-08
öv,5,9e-08
iß,5,9e-08
åd,5,9e-08
tā,5,9e-08
oﬀ,5,9e-08
êp,5,9e-08
dä,5,9e-08
ði,5,9e-08
ïf,5,9e-08
aŭ,5,9e-08
ćw,5,9e-08
xé,5,9e-08
şi,5,9e-08
ră,5,9e-08
şt,5,9e-08
næ,5,9e-08
gà,5,9e-08
wâ,5,9e-08
ãr,5,9e-08
ār,5,9e-08
mè,5,9e-08
ød,5,9e-08
sæ,5,9e-08
æt,5,9e-08
åa,5,9e-08
ần,5,9e-08
tū,5,9e-08
ïl,5,9e-08
äv,5,9e-08
óe,5,9e-08
âë,5,9e-08
ęp,5,9e-08
óx,5,9e-08
jú,5,9e-08
úb,5,9e-08
øk,5,9e-08
ñí,5,9e-08
uł,5,9e-08
eż,5,9e-08
ża,5,9e-08
øs,5,9e-08
oû,5,9e-08
ût,5,9e-08
bæ,5,9e-08
ək,5,9e-08
ər,5,9e-08
oś,5,9e-08
ją,5,9e-08
rå,5,9e-08
eº,5,9e-08
äa,5,9e-08
çõ,5,9e-08
óv,5,9e-08
ßl,5,9e-08
œw,5,9e-08
ɛl,5,9e-08
iū,5,9e-08
ūr,5,9e-08
ės,5,9e-08
šv,5,9e-08
ža,5,9e-08
iń,5,9e-08
nå,5,9e-08
vè,5,9e-08
dà,5,9e-08
ản,5,9e-08
ườ,5,9e-08
àu,5,9e-08
dō,5,9e-08
nă,5,9e-08
eø,5,9e-08
ët,5,9e-08
đạ,5,9e-08
hɒ,5,9e-08
ɒs,5,9e-08
oạ,4,7e-08
iç,4,7e-08
aî,4,7e-08
xâ,4,7e-08
dů,4,7e-08
žn,4,7e-08
vý,4,7e-08
ýk,4,7e-08
hå,4,7e-08
då,4,7e-08
ﬀe,4,7e-08
üp,4,7e-08
öy,4,7e-08
éz,4,7e-08
ło,4,7e-08
ﬁn,4,7e-08
sč,4,7e-08
čd,4,7e-08
oĉ,4,7e-08
ïe,4,7e-08
eã,4,7e-08
cú,4,7e-08
ñó,4,7e-08
ţa,4,7e-08
ăc,4,7e-08
că,4,7e-08
ăp,4,7e-08
ăd,4,7e-08
ºd,4,7e-08
pã,4,7e-08
vớ,4,7e-08
ﬁr,4,7e-08
eß,4,7e-08
kâ,4,7e-08
kā,4,7e-08
sç,4,7e-08
às,4,7e-08
số,4,7e-08
đă,4,7e-08
ăn,4,7e-08
iề,4,7e-08
bạ,4,7e-08
hɑ,4,7e-08
ły,4,7e-08
àr,4,7e-08
yō,4,7e-08
uš,4,7e-08
ći,4,7e-08
bú,4,7e-08
àf,4,7e-08
ụn,4,7e-08
hầ,4,7e-08
ịc,4,7e-08
sè,4,7e-08
ōu,4,7e-08
tō,4,7e-08
ōh,4,7e-08
tå,4,7e-08
nộ,4,7e-08
ội,4,7e-08
så,4,7e-08
óa,4,7e-08
gú,4,7e-08
îl,4,7e-08
ać,4,7e-08
ća,4,7e-08
øp,4,7e-08
lø,4,7e-08
cà,4,7e-08
ùa,4,7e-08
òs,4,7e-08
jà,4,7e-08
rō,4,7e-08
iş,4,7e-08
oř,4,7e-08
gš,4,7e-08
tš,4,7e-08
šč,4,7e-08
ść,4,7e-08
aº,4,7e-08
şs,4,7e-08
tʃ,4,7e-08
üa,4,7e-08
üi,4,7e-08
ın,4,7e-08
yč,4,7e-08
vê,4,7e-08
œr,4,7e-08
dã,4,7e-08
pú,4,7e-08
ék,4,7e-08
úd,4,7e-08
áu,4,7e-08
ɪd,4,7e-08
ɪl,4,7e-08
rė,4,7e-08
ėm,4,7e-08
hǔ,4,7e-08
śc,4,7e-08
öw,4,7e-08
dš,4,7e-08
dì,4,7e-08
çà,4,7e-08
ṇḍ,4,7e-08
iù,4,7e-08
ïd,4,7e-08
ēi,4,7e-08
nô,4,7e-08
āl,4,7e-08
iż,4,7e-08
ờn,4,7e-08
ạc,4,7e-08
mđ,4,7e-08
øc,4,7e-08
iž,4,7e-08
hê,4,7e-08
øn,4,7e-08
óu,4,7e-08
nê,4,7e-08
äe,4,7e-08
ºa,4,7e-08
äx,4,7e-08
tæ,4,7e-08
ćh,4,7e-08
cī,4,7e-08
gō,4,7e-08
rɪ,4,7e-08
ɪk,4,7e-08
mý,4,7e-08
uç,4,7e-08
xï,4,7e-08
ðÿ,4,7e-08
ƒã,4,7e-08
hī,4,7e-08
ăl,4,7e-08
bā,4,7e-08
hư,4,7e-08
sɛ,4,7e-08
ɪs,4,7e-08
iã,4,7e-08
tɒ,4,7e-08
wí,4,7e-08
rž,3,6e-08
lý,3,6e-08
ýp,3,6e-08
áč,3,6e-08
ěi,3,6e-08
ož,3,6e-08
dč,3,6e-08
ãa,3,6e-08
ºn,3,6e-08
ðr,3,6e-08
æl,3,6e-08
sñ,3,6e-08
cł,3,6e-08
tő,3,6e-08
ős,3,6e-08
žu,3,6e-08
eﬂ,3,6e-08
ﬂe,3,6e-08
ćd,3,6e-08
œs,3,6e-08
lì,3,6e-08
tî,3,6e-08
iţ,3,6e-08
ăs,3,6e-08
ăa,3,6e-08
rî,3,6e-08
ăe,3,6e-08
aţ,3,6e-08
ăm,3,6e-08
câ,3,6e-08
mă,3,6e-08
nî,3,6e-08
ﬁl,3,6e-08
îa,3,6e-08
ãn,3,6e-08
ık,3,6e-08
ốt,3,6e-08
úk,3,6e-08
yü,3,6e-08
ač,3,6e-08
lô,3,6e-08
hậ,3,6e-08
ập,3,6e-08
oç,3,6e-08
iś,3,6e-08
lù,3,6e-08
àh,3,6e-08
kø,3,6e-08
ój,3,6e-08
hº,3,6e-08
vå,3,6e-08
uế,3,6e-08
àj,3,6e-08
nế,3,6e-08
ếu,3,6e-08
tỉ,3,6e-08
út,3,6e-08
aā,3,6e-08
iō,3,6e-08
āi,3,6e-08
hē,3,6e-08
âţ,3,6e-08
ţâ,3,6e-08
fã,3,6e-08
oğ,3,6e-08
çu,3,6e-08
ñu,3,6e-08
æf,3,6e-08
ål,3,6e-08
nï,3,6e-08
pó,3,6e-08
òn,3,6e-08
òa,3,6e-08
éà,3,6e-08
sû,3,6e-08
ûr,3,6e-08
lā,3,6e-08
lš,3,6e-08
eå,3,6e-08
yż,3,6e-08
żs,3,6e-08
dº,3,6e-08
ºt,3,6e-08
îc,3,6e-08
óh,3,6e-08
ßt,3,6e-08
sı,3,6e-08
ıt,3,6e-08
iğ,3,6e-08
üv,3,6e-08
ôd,3,6e-08
pə,3,6e-08
ër,3,6e-08
şa,3,6e-08
şo,3,6e-08
nø,3,6e-08
êd,3,6e-08
aá,3,6e-08
œt,3,6e-08
aä,3,6e-08
ëc,3,6e-08
âu,3,6e-08
úm,3,6e-08
úg,3,6e-08
œn,3,6e-08
cê,3,6e-08
eɪ,3,6e-08
lė,3,6e-08
ųr,3,6e-08
mǎ,3,6e-08
ęn,3,6e-08
uč,3,6e-08
ßi,3,6e-08
ìm,3,6e-08
çi,3,6e-08
jé,3,6e-08
uș,3,6e-08
rº,3,6e-08
dł,3,6e-08
lī,3,6e-08
ăz,3,6e-08
ți,3,6e-08
ïw,3,6e-08
ïb,3,6e-08
ôi,3,6e-08
ōa,3,6e-08
eﬃ,3,6e-08
ﬃc,3,6e-08
cã,3,6e-08
ąg,3,6e-08
āṇ,3,6e-08
čn,3,6e-08
vč,3,6e-08
šť,3,6e-08
čí,3,6e-08
fč,3,6e-08
àg,3,6e-08
bì,3,6e-08
hớ,3,6e-08
ôl,3,6e-08
nù,3,6e-08
ﬁx,3,6e-08
dø,3,6e-08
øa,3,6e-08
õg,3,6e-08
łu,3,6e-08
yń,3,6e-08
oà,3,6e-08
oï,3,6e-08
ǝɯ,3,6e-08
ɯe,3,6e-08
äw,3,6e-08
ßa,3,6e-08
ăv,3,6e-08
eð,3,6e-08
ðv,3,6e-08
bă,3,6e-08
īn,3,6e-08
uó,3,6e-08
wū,3,6e-08
bả,3,6e-08
xí,3,6e-08
oʊ,3,6e-08
tə,3,6e-08
aɪ,3,6e-08
eë,3,6e-08
íð,3,6e-08
ır,3,6e-08
ßv,3,6e-08
ău,3,6e-08
ây,3,6e-08
ức,3,6e-08
rọ,3,6e-08
lạ,3,6e-08
ịđ,3,6e-08
ɒt,3,6e-08
də,3,6e-08
íu,3,6e-08
żo,3,6e-08
łn,3,6e-08
ßp,2,4e-08
ßm,2,4e-08
łą,2,4e-08
gº,2,4e-08
öß,2,4e-08
ěb,2,4e-08
eľ,2,4e-08
íš,2,4e-08
hř,2,4e-08
ři,2,4e-08
yš,2,4e-08
mô,2,4e-08
iü,2,4e-08
ßh,2,4e-08
åp,2,4e-08
ºe,2,4e-08
bū,2,4e-08
dæ,2,4e-08
òi,2,4e-08
oü,2,4e-08
yð,2,4e-08
sð,2,4e-08
ðe,2,4e-08
ðp,2,4e-08
ñw,2,4e-08
ŭe,2,4e-08
ŭt,2,4e-08
ąd,2,4e-08
œp,2,4e-08
wó,2,4e-08
ﬁt,2,4e-08
lñ,2,4e-08
ïh,2,4e-08
će,2,4e-08
ćp,2,4e-08
sﬁ,2,4e-08
ìp,2,4e-08
ﬀt,2,4e-08
üf,2,4e-08
ţe,2,4e-08
zâ,2,4e-08
uţ,2,4e-08
ză,2,4e-08
eî,2,4e-08
cţ,2,4e-08
ôp,2,4e-08
dﬁ,2,4e-08
íq,2,4e-08
ëe,2,4e-08
tñ,2,4e-08
bã,2,4e-08
ãi,2,4e-08
ůl,2,4e-08
ež,2,4e-08
èa,2,4e-08
çm,2,4e-08
iđ,2,4e-08
đơ,2,4e-08
ếp,2,4e-08
sº,2,4e-08
âk,2,4e-08
şk,2,4e-08
íñ,2,4e-08
yã,2,4e-08
ëa,2,4e-08
võ,2,4e-08
ıp,2,4e-08
ểđ,2,4e-08
đặ,2,4e-08
ện,2,4e-08
nạ,2,4e-08
ền,2,4e-08
eƭ,2,4e-08
ƭh,2,4e-08
ęk,2,4e-08
nę,2,4e-08
ùn,2,4e-08
òm,2,4e-08
ōg,2,4e-08
bó,2,4e-08
ęc,2,4e-08
ºs,2,4e-08
ćz,2,4e-08
čk,2,4e-08
åg,2,4e-08
fê,2,4e-08
bò,2,4e-08
òh,2,4e-08
òw,2,4e-08
pè,2,4e-08
vụ,2,4e-08
cầ,2,4e-08
ầu,2,4e-08
dị,2,4e-08
sử,2,4e-08
ỉt,2,4e-08
mạ,2,4e-08
ōp,2,4e-08
āh,2,4e-08
mō,2,4e-08
ōr,2,4e-08
āa,2,4e-08
pō,2,4e-08
ōw,2,4e-08
íw,2,4e-08
yễ,2,4e-08
ễn,2,4e-08
hđ,2,4e-08
šs,2,4e-08
oö,2,4e-08
oå,2,4e-08
hî,2,4e-08
îs,2,4e-08
ġe,2,4e-08
ğl,2,4e-08
ùh,2,4e-08
òz,2,4e-08
hø,2,4e-08
jô,2,4e-08
ôf,2,4e-08
hì,2,4e-08
mɪ,2,4e-08
lŏ,2,4e-08
ŏt,2,4e-08
uü,2,4e-08
ïp,2,4e-08
òt,2,4e-08
nł,2,4e-08
êl,2,4e-08
şh,2,4e-08
yó,2,4e-08
fø,2,4e-08
læ,2,4e-08
où,2,4e-08
kē,2,4e-08
ēv,2,4e-08
və,2,4e-08
ół,2,4e-08
rù,2,4e-08
æv,2,4e-08
pē,2,4e-08
tç,2,4e-08
şn,2,4e-08
sò,2,4e-08
aü,2,4e-08
aã,2,4e-08
ïn,2,4e-08
ıl,2,4e-08
ım,2,4e-08
öi,2,4e-08
eú,2,4e-08
łk,2,4e-08
íe,2,4e-08
œi,2,4e-08
yû,2,4e-08
úñ,2,4e-08
uä,2,4e-08
lú,2,4e-08
èi,2,4e-08
œo,2,4e-08
ãc,2,4e-08
ėb,2,4e-08
nė,2,4e-08
šn,2,4e-08
kė,2,4e-08
žb,2,4e-08
ėj,2,4e-08
ąr,2,4e-08
ėt,2,4e-08
dą,2,4e-08
kų,2,4e-08
mã,2,4e-08
aś,2,4e-08
ɪɡ,2,4e-08
œd,2,4e-08
îm,2,4e-08
kû,2,4e-08
ûn,2,4e-08
đu,2,4e-08
úe,2,4e-08
úh,2,4e-08
ﬂu,2,4e-08
nﬁ,2,4e-08
èe,2,4e-08
ùi,2,4e-08
gê,2,4e-08
sõ,2,4e-08
yà,2,4e-08
ån,2,4e-08
yú,2,4e-08
éá,2,4e-08
që,2,4e-08
dë,2,4e-08
ëk,2,4e-08
ºw,2,4e-08
vó,2,4e-08
sē,2,4e-08
īd,2,4e-08
ēs,2,4e-08
yä,2,4e-08
ïi,2,4e-08
ēw,2,4e-08
ôh,2,4e-08
zę,2,4e-08
ęs,2,4e-08
zō,2,4e-08
eﬀ,2,4e-08
iﬀ,2,4e-08
ﬀo,2,4e-08
lō,2,4e-08
tē,2,4e-08
ćj,2,4e-08
rß,2,4e-08
ḍa,2,4e-08
sā,2,4e-08
și,2,4e-08
aș,2,4e-08
èd,2,4e-08
ýc,2,4e-08
př,2,4e-08
íč,2,4e-08
tř,2,4e-08
ıc,2,4e-08
œf,2,4e-08
uả,2,4e-08
rạ,2,4e-08
đồ,2,4e-08
ồn,2,4e-08
gọ,2,4e-08
ọc,2,4e-08
są,2,4e-08
wś,2,4e-08
uë,2,4e-08
ýr,2,4e-08
öö,2,4e-08
źw,2,4e-08
yø,2,4e-08
mƒ,2,4e-08
ƒs,2,4e-08
uż,2,4e-08
ıf,2,4e-08
tǝ,2,4e-08
mọ,2,4e-08
äj,2,4e-08
rī,2,4e-08
īg,2,4e-08
bɑ,2,4e-08
æs,2,4e-08
lã,2,4e-08
hã,2,4e-08
ãu,2,4e-08
ił,2,4e-08
àe,2,4e-08
ćn,2,4e-08
äö,2,4e-08
öü,2,4e-08
dß,2,4e-08
lē,2,4e-08
hç,2,4e-08
ʀw,2,4e-08
pđ,2,4e-08
ểx,2,4e-08
ùg,2,4e-08
íx,2,4e-08
ǔy,2,4e-08
øe,2,4e-08
đà,2,4e-08
đm,2,4e-08
ań,2,4e-08
łs,2,4e-08
ảo,2,4e-08
ôs,2,4e-08
eô,2,4e-08
tę,2,4e-08
ãb,2,4e-08
ða,2,4e-08
úð,2,4e-08
ðs,2,4e-08
úf,2,4e-08
þi,2,4e-08
tï,2,4e-08
rï,2,4e-08
øu,2,4e-08
pô,2,4e-08
ÿð,2,4e-08
ÿc,2,4e-08
rÿ,2,4e-08
ťa,2,4e-08
jõ,2,4e-08
gư,2,4e-08
ạo,2,4e-08
üz,2,4e-08
rû,2,4e-08
ûl,2,4e-08
ëv,2,4e-08
kã,2,4e-08
àq,2,4e-08
zà,2,4e-08
aļ,2,4e-08
ļj,2,4e-08
jæ,2,4e-08
äo,2,4e-08
dç,2,4e-08
īb,2,4e-08
āb,2,4e-08
īj,2,4e-08
ượ,2,4e-08
ợc,2,4e-08
ểc,2,4e-08
ươ,2,4e-08
mì,2,4e-08
ịn,2,4e-08
họ,2,4e-08
cũ,2,4e-08
độ,2,4e-08
ều,2,4e-08
ịb,2,4e-08
đụ,2,4e-08
ểb,2,4e-08
sứ,2,4e-08
sắ,2,4e-08
ắn,2,4e-08
gô,2,4e-08
sì,2,4e-08
öz,2,4e-08
kə,2,4e-08
ǎo,2,4e-08
ɛs,2,4e-08
ºi,2,4e-08
yº,2,4e-08
ºb,2,4e-08
kʀ,2,4e-08
ʀi,2,4e-08
rɾ,2,4e-08
əl,2,4e-08
ɒd,2,4e-08
rɒ,2,4e-08
cż,2,4e-08
oﬁ,2,4e-08
ęt,2,4e-08
åt,2,4e-08
mà,2,4e-08
uï,2,4e-08
øh,2,4e-08
ãk,2,4e-08
ñé,1,3e-08
ěš,1,3e-08
ův,1,3e-08
ůp,1,3e-08
ľm,1,3e-08
iď,1,3e-08
ďn,1,3e-08
yž,1,3e-08
žv,1,3e-08
mě,1,3e-08
ěs,1,3e-08
žd,1,3e-08
dý,1,3e-08
dě,1,3e-08
ěc,1,3e-08
ěh,1,3e-08
ýh,1,3e-08
šš,1,3e-08
bế,1,3e-08
ôr,1,3e-08
šl,1,3e-08
ūi,1,3e-08
ßz,1,3e-08
eò,1,3e-08
ßc,1,3e-08
hð,1,3e-08
ðc,1,3e-08
ðb,1,3e-08
dñ,1,3e-08
ñc,1,3e-08
čc,1,3e-08
jŝ,1,3e-08
ŝa,1,3e-08
aĉ,1,3e-08
rĉ,1,3e-08
jĉ,1,3e-08
iĝ,1,3e-08
ĝa,1,3e-08
ŭm,1,3e-08
lŝ,1,3e-08
ŝu,1,3e-08
bł,1,3e-08
łj,1,3e-08
vė,1,3e-08
ėi,1,3e-08
ﬁg,1,3e-08
mﬁ,1,3e-08
ñb,1,3e-08
èb,1,3e-08
śa,1,3e-08
ëd,1,3e-08
sţ,1,3e-08
sş,1,3e-08
pă,1,3e-08
ăb,1,3e-08
æb,1,3e-08
yí,1,3e-08
oì,1,3e-08
sî,1,3e-08
wñ,1,3e-08
ñh,1,3e-08
ñm,1,3e-08
bñ,1,3e-08
ñt,1,3e-08
ñy,1,3e-08
nñ,1,3e-08
čj,1,3e-08
rů,1,3e-08
ům,1,3e-08
wæ,1,3e-08
væ,1,3e-08
cæ,1,3e-08
æc,1,3e-08
çı,1,3e-08
hố,1,3e-08
kế,1,3e-08
pﬁ,1,3e-08
dﬂ,1,3e-08
iì,1,3e-08
ìf,1,3e-08
pç,1,3e-08
ük,1,3e-08
mº,1,3e-08
õt,1,3e-08
sổ,1,3e-08
ổm,1,3e-08
mơ,1,3e-08
ơl,1,3e-08
ôđ,1,3e-08
đề,1,3e-08
ềc,1,3e-08
ốn,1,3e-08
uđ,1,3e-08
đó,1,3e-08
óđ,1,3e-08
ặt,1,3e-08
lệ,1,3e-08
ạp,1,3e-08
ým,1,3e-08
bằ,1,3e-08
ằn,1,3e-08
uｒ,1,3e-08
ｒw,1,3e-08
ɑt,1,3e-08
sɑ,1,3e-08
ɑw,1,3e-08
ɑn,1,3e-08
ęz,1,3e-08
pł,1,3e-08
ką,1,3e-08
cò,1,3e-08
ćm,1,3e-08
tć,1,3e-08
ếy,1,3e-08
ếw,1,3e-08
ếs,1,3e-08
ểe,1,3e-08
dễ,1,3e-08
ễs,1,3e-08
ửd,1,3e-08
dụ,1,3e-08
êu,1,3e-08
hĩ,1,3e-08
ĩs,1,3e-08
gử,1,3e-08
ửi,1,3e-08
ệu,1,3e-08
ỉa,1,3e-08
åf,1,3e-08
lớ,1,3e-08
ớp,1,3e-08
mỡ,1,3e-08
ỡj,1,3e-08
sự,1,3e-08
ựp,1,3e-08
ển,1,3e-08
cơ,1,3e-08
ơm,1,3e-08
wā,1,3e-08
oā,1,3e-08
ēm,1,3e-08
ūm,1,3e-08
đì,1,3e-08
ặn,1,3e-08
wà,1,3e-08
lõ,1,3e-08
õn,1,3e-08
âš,1,3e-08
bâ,1,3e-08
íy,1,3e-08
åb,1,3e-08
må,1,3e-08
åc,1,3e-08
eȝ,1,3e-08
ȝe,1,3e-08
dġ,1,3e-08
mē,1,3e-08
më,1,3e-08
yű,1,3e-08
űl,1,3e-08
lő,1,3e-08
őt,1,3e-08
hġ,1,3e-08
óó,1,3e-08
łe,1,3e-08
mż,1,3e-08
śk,1,3e-08
lå,1,3e-08
šm,1,3e-08
òb,1,3e-08
wï,1,3e-08
iǔ,1,3e-08
ǔs,1,3e-08
ìh,1,3e-08
øb,1,3e-08
aﬁ,1,3e-08
ïq,1,3e-08
čp,1,3e-08
zä,1,3e-08
fï,1,3e-08
hï,1,3e-08
fî,1,3e-08
îo,1,3e-08
üü,1,3e-08
źa,1,3e-08
źo,1,3e-08
fł,1,3e-08
źe,1,3e-08
øj,1,3e-08
fş,1,3e-08
ľu,1,3e-08
rš,1,3e-08
hš,1,3e-08
fš,1,3e-08
øv,1,3e-08
æn,1,3e-08
æk,1,3e-08
èw,1,3e-08
ùl,1,3e-08
eê,1,3e-08
cî,1,3e-08
îr,1,3e-08
mə,1,3e-08
īv,1,3e-08
iƅ,1,3e-08
ƅl,1,3e-08
śo,1,3e-08
śr,1,3e-08
ću,1,3e-08
cą,1,3e-08
ąn,1,3e-08
kę,1,3e-08
łp,1,3e-08
ºr,1,3e-08
ºu,1,3e-08
ºq,1,3e-08
ùf,1,3e-08
ēd,1,3e-08
ēj,1,3e-08
šī,1,3e-08
īs,1,3e-08
dī,1,3e-08
ği,1,3e-08
şf,1,3e-08
ğb,1,3e-08
ğd,1,3e-08
kæ,1,3e-08
æp,1,3e-08
ʃə,1,3e-08
əa,1,3e-08
óf,1,3e-08
ōz,1,3e-08
ət,1,3e-08
tī,1,3e-08
cç,1,3e-08
cü,1,3e-08
zı,1,3e-08
pü,1,3e-08
ñá,1,3e-08
wº,1,3e-08
kè,1,3e-08
sê,1,3e-08
ăł,1,3e-08
āu,1,3e-08
œa,1,3e-08
ûi,1,3e-08
íó,1,3e-08
íé,1,3e-08
œy,1,3e-08
iõ,1,3e-08
eæ,1,3e-08
dɛ,1,3e-08
aʊ,1,3e-08
ʊn,1,3e-08
nɒ,1,3e-08
ɒr,1,3e-08
rɑ,1,3e-08
ɑv,1,3e-08
vɪ,1,3e-08
ʃu,1,3e-08
ėf,1,3e-08
jū,1,3e-08
ėl,1,3e-08
ėz,1,3e-08
ėa,1,3e-08
rę,1,3e-08
sž,1,3e-08
ėu,1,3e-08
ių,1,3e-08
ųk,1,3e-08
sų,1,3e-08
ųl,1,3e-08
ąv,1,3e-08
nų,1,3e-08
ųf,1,3e-08
ėp,1,3e-08
rª,1,3e-08
ªc,1,3e-08
ćk,1,3e-08
ǎm,1,3e-08
ǎh,1,3e-08
ǔh,1,3e-08
ǔo,1,3e-08
lɑ,1,3e-08
ɡə,1,3e-08
əs,1,3e-08
œh,1,3e-08
dă,1,3e-08
ăi,1,3e-08
pū,1,3e-08
ūb,1,3e-08
mś,1,3e-08
úw,1,3e-08
mæ,1,3e-08
yā,1,3e-08
yı,1,3e-08
ız,1,3e-08
ğa,1,3e-08
tṇ,1,3e-08
ḍb,1,3e-08
mṛ,1,3e-08
ṛg,1,3e-08
dę,1,3e-08
ęb,1,3e-08
dđ,1,3e-08
ćb,1,3e-08
åo,1,3e-08
șe,1,3e-08
yﬂ,1,3e-08
qí,1,3e-08
íj,1,3e-08
mù,1,3e-08
óy,1,3e-08
oè,1,3e-08
ùv,1,3e-08
àw,1,3e-08
lƀ,1,3e-08
ƀc,1,3e-08
ùb,1,3e-08
ëp,1,3e-08
ëb,1,3e-08
pë,1,3e-08
në,1,3e-08
uú,1,3e-08
úv,1,3e-08
zē,1,3e-08
ţă,1,3e-08
gă,1,3e-08
eș,1,3e-08
șt,1,3e-08
ăf,1,3e-08
iț,1,3e-08
sț,1,3e-08
nț,1,3e-08
țe,1,3e-08
pĕ,1,3e-08
ĕr,1,3e-08
ïg,1,3e-08
lê,1,3e-08
ïc,1,3e-08
ző,1,3e-08
őe,1,3e-08
iʃ,1,3e-08
ʃi,1,3e-08
ēy,1,3e-08
ēa,1,3e-08
ôj,1,3e-08
yô,1,3e-08
üw,1,3e-08
eā,1,3e-08
ēā,1,3e-08
kɪ,1,3e-08
ɪp,1,3e-08
bɜ,1,3e-08
ɜm,1,3e-08
ɪŋ,1,3e-08
ŋə,1,3e-08
əm,1,3e-08
wą,1,3e-08
ąw,1,3e-08
żp,1,3e-08
kł,1,3e-08
ßà,1,3e-08
iṇ,1,3e-08
ḍā,1,3e-08
ād,1,3e-08
vī,1,3e-08
bț,1,3e-08
șo,1,3e-08
lț,1,3e-08
țu,1,3e-08
ṇa,1,3e-08
ěz,1,3e-08
pě,1,3e-08
ět,1,3e-08
čr,1,3e-08
cč,1,3e-08
žů,1,3e-08
ůč,1,3e-08
ťi,1,3e-08
ří,1,3e-08
lč,1,3e-08
āj,1,3e-08
dā,1,3e-08
kẻ,1,3e-08
ẻb,1,3e-08
bà,1,3e-08
hồ,1,3e-08
ồc,1,3e-08
sơ,1,3e-08
bố,1,3e-08
hỏ,1,3e-08
ỏn,1,3e-08
lś,1,3e-08
łd,1,3e-08
øf,1,3e-08
wá,1,3e-08
ëi,1,3e-08
zã,1,3e-08
dř,1,3e-08
ěk,1,3e-08
áž,1,3e-08
hý,1,3e-08
ýl,1,3e-08
źi,1,3e-08
ùt,1,3e-08
gﬁ,1,3e-08
àÿ,1,3e-08
ÿà,1,3e-08
qó,1,3e-08
mî,1,3e-08
vě,1,3e-08
ěr,1,3e-08
aﬀ,1,3e-08
ﬀi,1,3e-08
úo,1,3e-08
zś,1,3e-08
śm,1,3e-08
sǝ,1,3e-08
eè,1,3e-08
iģ,1,3e-08
ģi,1,3e-08
nā,1,3e-08
úz,1,3e-08
ãd,1,3e-08
êf,1,3e-08
āf,1,3e-08
lç,1,3e-08
ºv,1,3e-08
nð,1,3e-08
åu,1,3e-08
łl,1,3e-08
oî,1,3e-08
eł,1,3e-08
uć,1,3e-08
ßq,1,3e-08
ēz,1,3e-08
ōb,1,3e-08
ōf,1,3e-08
ōo,1,3e-08
åe,1,3e-08
sˢ,1,3e-08
ˢa,1,3e-08
aʀ,1,3e-08
oō,1,3e-08
dœ,1,3e-08
uð,1,3e-08
ðm,1,3e-08
ćv,1,3e-08
vâ,1,3e-08
ăt,1,3e-08
bə,1,3e-08
əx,1,3e-08
yə,1,3e-08
īċ,1,3e-08
ċe,1,3e-08
èz,1,3e-08
eđ,1,3e-08
đe,1,3e-08
ìb,1,3e-08
yī,1,3e-08
hù,1,3e-08
óq,1,3e-08
qī,1,3e-08
xì,1,3e-08
fē,1,3e-08
lǐ,1,3e-08
ǐh,1,3e-08
āq,1,3e-08
mǐ,1,3e-08
ǐv,1,3e-08
iā,1,3e-08
ēc,1,3e-08
tǔ,1,3e-08
ǔd,1,3e-08
ìg,1,3e-08
uấ,1,3e-08
ấn,1,3e-08
jś,1,3e-08
ïk,1,3e-08
yè,1,3e-08
bû,1,3e-08
ûc,1,3e-08
öe,1,3e-08
ºº,1,3e-08
xå,1,3e-08
yå,1,3e-08
rœ,1,3e-08
œm,1,3e-08
áj,1,3e-08
ƒâ,1,3e-08
âã,1,3e-08
nﬂ,1,3e-08
jã,1,3e-08
ûô,1,3e-08
iô,1,3e-08
ôz,1,3e-08
aù,1,3e-08
ʊt,1,3e-08
jɪ,1,3e-08
ʃt,1,3e-08
ʃa,1,3e-08
kɒ,1,3e-08
ɒf,1,3e-08
ûs,1,3e-08
sⅴ,1,3e-08
ⅴe,1,3e-08
ëm,1,3e-08
fž,1,3e-08
žk,1,3e-08
ìs,1,3e-08
oð,1,3e-08
öx,1,3e-08
óð,1,3e-08
öð,1,3e-08
ræ,1,3e-08
ðo,1,3e-08
æj,1,3e-08
dþ,1,3e-08
eþ,1,3e-08
îg,1,3e-08
îh,1,3e-08
îi,1,3e-08
îw,1,3e-08
ïx,1,3e-08
kï,1,3e-08
ïo,1,3e-08
ïu,1,3e-08
lï,1,3e-08
üş,1,3e-08
aø,1,3e-08
ěj,1,3e-08
šc,1,3e-08
çş,1,3e-08
üy,1,3e-08
šd,1,3e-08
gų,1,3e-08
ÿl,1,3e-08
ƒð,1,3e-08
ÿg,1,3e-08
gã,1,3e-08
ƒm,1,3e-08
ÿa,1,3e-08
cÿ,1,3e-08
eÿ,1,3e-08
ÿp,1,3e-08
ÿb,1,3e-08
oľ,1,3e-08
ľč,1,3e-08
õr,1,3e-08
üo,1,3e-08
ūj,1,3e-08
ūx,1,3e-08
cš,1,3e-08
zú,1,3e-08
nǎ,1,3e-08
ǎp,1,3e-08
pʰ,1,3e-08
ʰǐ,1,3e-08
ǐr,1,3e-08
ưỡ,1,3e-08
ỡn,1,3e-08
đị,1,3e-08
ịa,1,3e-08
sđ,1,3e-08
mẫ,1,3e-08
ẫu,1,3e-08
łw,1,3e-08
vü,1,3e-08
éé,1,3e-08
ùs,1,3e-08
äß,1,3e-08
œe,1,3e-08
ãt,1,3e-08
șu,1,3e-08
rł,1,3e-08
łi,1,3e-08
ćg,1,3e-08
xà,1,3e-08
sć,1,3e-08
ãº,1,3e-08
āc,1,3e-08
iņ,1,3e-08
ņš,1,3e-08
øw,1,3e-08
ěn,1,3e-08
ýs,1,3e-08
ěw,1,3e-08
ią,1,3e-08
šo,1,3e-08
ʊr,1,3e-08
rĭ,1,3e-08
ĭs,1,3e-08
œb,1,3e-08
lĭ,1,3e-08
ĭv,1,3e-08
eǫ,1,3e-08
ǫl,1,3e-08
äz,1,3e-08
ıh,1,3e-08
wç,1,3e-08
ıe,1,3e-08
ıa,1,3e-08
aà,1,3e-08
eì,1,3e-08
rı,1,3e-08
iò,1,3e-08
òl,1,3e-08
rđ,1,3e-08
đa,1,3e-08
zī,1,3e-08
lṭ,1,3e-08
ṭā,1,3e-08
nī,1,3e-08
īp,1,3e-08
īa,1,3e-08
éâ,1,3e-08
hứ,1,3e-08
cđ,1,3e-08
đầ,1,3e-08
mệ,1,3e-08
mỏ,1,3e-08
ỏi,1,3e-08
uố,1,3e-08
ốc,1,3e-08
mề,1,3e-08
ềm,1,3e-08
mỗ,1,3e-08
ỗi,1,3e-08
hộ,1,3e-08
ộp,1,3e-08
ểd,1,3e-08
dù,1,3e-08
gđ,1,3e-08
sʃ,1,3e-08
ʃɜ,1,3e-08
ɜr,1,3e-08
lɒ,1,3e-08
ɒk,1,3e-08
ʊm,1,3e-08
ốk,1,3e-08
ểu,1,3e-08
tạ,1,3e-08
từ,1,3e-08
ừn,1,3e-08
đế,1,3e-08
ểg,1,3e-08
ịv,1,3e-08
ýb,1,3e-08
ađ,1,3e-08
ểk,1,3e-08
ịả,1,3e-08
ưở,1,3e-08
ởn,1,3e-08
ũđ,1,3e-08
ộc,1,3e-08
àđ,1,3e-08
ộẩ,1,3e-08
ẩm,1,3e-08
ưn,1,3e-08
nữ,1,3e-08
ữa,1,3e-08
nổ,1,3e-08
ổc,1,3e-08
cự,1,3e-08
ực,1,3e-08
mả,1,3e-08
ắt,1,3e-08
bắ,1,3e-08
ời,1,3e-08
ớl,1,3e-08
àb,1,3e-08
bấ,1,3e-08
ất,1,3e-08
cứ,1,3e-08
ứt,1,3e-08
gắ,1,3e-08
ịs,1,3e-08
ịt,1,3e-08
ũn,1,3e-08
ịp,1,3e-08
hả,1,3e-08
ải,1,3e-08
gấ,1,3e-08
ấp,1,3e-08
wđ,1,3e-08
ểh,1,3e-08
ọs,1,3e-08
ắp,1,3e-08
xế,1,3e-08
ệc,1,3e-08
ụt,1,3e-08
ốđ,1,3e-08
lấ,1,3e-08
ấy,1,3e-08
hẹ,1,3e-08
ẹn,1,3e-08
ửa,1,3e-08
ǎn,1,3e-08
ćo,1,3e-08
øo,1,3e-08
gø,1,3e-08
gç,1,3e-08
øi,1,3e-08
oÿ,1,3e-08
ÿe,1,3e-08
êv,1,3e-08
lɪ,1,3e-08
əo,1,3e-08
əi,1,3e-08
uî,1,3e-08
gē,1,3e-08
lǎ,1,3e-08
kǒ,1,3e-08
ǒu,1,3e-08
cɾ,1,3e-08
ɾɑ,1,3e-08
ɑb,1,3e-08
bʕ,1,3e-08
ʕɑ,1,3e-08
jī,1,3e-08
iǎ,1,3e-08
gì,1,3e-08
ìa,1,3e-08
rò,1,3e-08
òu,1,3e-08
ºo,1,3e-08
ïï,1,3e-08
ﬁd,1,3e-08
aṅ,1,3e-08
ṅg,1,3e-08
żó,1,3e-08
vã,1,3e-08
oã,1,3e-08
kɜ,1,3e-08
ɜt,1,3e-08
kœ,1,3e-08
œʀ,1,3e-08
ɾw,1,3e-08
tᵊ,1,3e-08
ᵊl,1,3e-08
ɾr,1,3e-08
dɪ,1,3e-08
dʒ,1,3e-08
ʒɪ,1,3e-08
ɡl,1,3e-08
oɔ,1,3e-08
ɔb,1,3e-08
bɪ,1,3e-08
řá,1,3e-08
ôc,1,3e-08
öj,1,3e-08
ñd,1,3e-08
šw,1,3e-08
čs,1,3e-08
čb,1,3e-08
čh,1,3e-08
šh,1,3e-08
mč,1,3e-08
čá,1,3e-08
mß,1,3e-08
rə,1,3e-08
ən,1,3e-08
ɒn,1,3e-08
hʀ,1,3e-08
ʀɛ,1,3e-08
oʁ,1,3e-08
ʁɑ,1,3e-08
ɑl,1,3e-08
tł,1,3e-08
aż,1,3e-08
oń,1,3e-08
ńc,1,3e-08
ył,1,3e-08
zż,1,3e-08
bę,1,3e-08
ęd,1,3e-08
żk,1,3e-08
žm,1,3e-08
tą,1,3e-08
tį,1,3e-08
įs,1,3e-08
ëg,1,3e-08
oż,1,3e-08
fû,1,3e-08
aö,1,3e-08
fﬂ,1,3e-08
sﬂ,1,3e-08
yﬁ,1,3e-08
aﬂ,1,3e-08
oﬂ,1,3e-08
tﬁ,1,3e-08
gﬂ,1,3e-08
kʲ,1,3e-08
ʲɛ,1,3e-08
sė,1,3e-08
wł,1,3e-08
źh,1,3e-08
çp,1,3e-08
äy,1,3e-08
öä,1,3e-08
äp,1,3e-08
çw,1,3e-08
çf,1,3e-08
çc,1,3e-08
nş,1,3e-08
şe,1,3e-08
şı,1,3e-08
ıo,1,3e-08
ﬀm,1,3e-08
şl,1,3e-08
ıy,1,3e-08
æa,1,3e-08
ìo,1,3e-08
ìc,1,3e-08
